RelativePath,SHA256,Bytes,GitBlobSHA,RefCommit
.gitattributes,6043AD4896AA63D849A5AC1FA30B9DCD3F4828B46ADA5865AC89276D15A2BC93,1298,dc5ca6a5a686421f791fd8abb7d51fdf3a71c2da,18ec274b156e3fc5b53095fe45f38243a520a2dc
.github/workflows/authority-boundary-tests.yml,AA4E32E164D44415A4F3759E17B504BFDFCE022E0F6F463B319EA2E9E5E9D860,892,03d26e3e598df53bce21edee9731b3dbb5543176,18ec274b156e3fc5b53095fe45f38243a520a2dc
.github/workflows/console-tests.yml,5A9C416B68AC312CF4BD95A274B261FE1AC52D7B0EBB3C6F507875445BEC2215,1758,ce4bfe106b7acec835f3eae0f3e44f40b7a97211,18ec274b156e3fc5b53095fe45f38243a520a2dc
.github/workflows/firmware-lifecycle-tests.yml,8F9BE8472184F0D924FF448BA5F456B2DB62D76ED0D36211AFC1599701E46EE0,2649,ec7eb611834d5803e7d687b4aae4243d766dce6f,18ec274b156e3fc5b53095fe45f38243a520a2dc
.github/workflows/firmware-middleware-tests.yml,DA8C4CB11546DB04100030F5C65BE911209899933F5EBB4946D84C15F58C45C8,9817,3ecda5aae9d88609426ed6a42beb429f2008ce3e,18ec274b156e3fc5b53095fe45f38243a520a2dc
.github/workflows/m14-assurance-python312.yml,792A4C0280C59CEC7C61B87C7A44BE9CA78A2FCFE0573A12747F4287A367F3A0,3423,cf889cac49e1d59f9ebb717b2877dd9017fc7bae,18ec274b156e3fc5b53095fe45f38243a520a2dc
.github/workflows/m15-semantic-governance.yml,1FC2AE4950A792E95902FECEA733768C2D5FA336D01D9BA7132A1303A3BEC0E7,773,44fa22673377e3a4b0b34c741abd70b7fde490b4,18ec274b156e3fc5b53095fe45f38243a520a2dc
.github/workflows/protocol-tests.yml,2A88E542E58F2632E607CA2D1E6EFA20B1946B0691EE18598255ACACE0DA294F,3082,5fb463d2f267b625a61b479660e02ba9ab6f5a6d,18ec274b156e3fc5b53095fe45f38243a520a2dc
.github/workflows/robustness-tests.yml,97B3502272DCD9A71AB032BC36E8CBE26943F77E4ABA579195872266D87BC157,4616,6f2d03d88e914370cba784f946baaf723b009fac,18ec274b156e3fc5b53095fe45f38243a520a2dc
.github/workflows/simulator-tests.yml,EE2D8DDF7B4E59600096F57FF4F90DCE09E94BCE28AF6D94A403B61E8D58898A,2024,8fd01f1b1f317f789f129acd62580fd3337a27c6,18ec274b156e3fc5b53095fe45f38243a520a2dc
.github/workflows/stm32f401-hardware-contract.yml,ED554DF78F3AE5A871C2EE381C9FA84D782E745CF149A70DB9D672F4A4B2A0DF,5476,fb8c0cba862cddc8db3cbb91ff7ea2660578d707,18ec274b156e3fc5b53095fe45f38243a520a2dc
.gitignore,193481B09102AF8FC8EE4CC3E3644959B456335BA42B0DBB37704D08087182AE,550,a1ba77e7faf4bde71025dedf3b151b768479ad97,18ec274b156e3fc5b53095fe45f38243a520a2dc
CHANGELOG.md,828636A2BD2FD74C3B5EA69C1B32655C395CB0ABB54CC14F8455881840C53E86,6795,3655bb71f71920fb90c9b5627d26568010310853,18ec274b156e3fc5b53095fe45f38243a520a2dc
CITATION.cff,CD5B8C287DB830C077B931D6AEE0A6E15E0969D91B6ADBF11B4C195962F34A75,1328,81cc2fc5f7f13de278993ee4a9e0868e8d5d900c,18ec274b156e3fc5b53095fe45f38243a520a2dc
COPYRIGHT,C74EA02283C75EF62DA352B16B25B6CADABA5A15B6251DB753B38EC38BC0E66A,798,b86eae3ab693ec47061c1b0babb79e08e43dc5aa,18ec274b156e3fc5b53095fe45f38243a520a2dc
LICENSE,15D9474327712BA6B51A6437E3AF0CC56B69FE80123515728DE42D48F4CB5714,2720,6095503a35b97d5358be06031865d9c99c61c480,18ec274b156e3fc5b53095fe45f38243a520a2dc
NOTICE,C3FCEDA19AF14AE1496B421A8B2CCA5E6D7F2C683ABC0EEFB4ED70B32940697F,1108,7825395be9d227c86c82646ad3560c2924ff2d45,18ec274b156e3fc5b53095fe45f38243a520a2dc
README.md,1178D2A716787543288DC5254C55160DF2550D2419AAD754580793603F9404FE,6827,22090899e5701c6e360345f9bbf8ad127bd624e3,18ec274b156e3fc5b53095fe45f38243a520a2dc
SECURITY.md,DFD6D44F71B74A542BD0BCD37EF2F2BC68EF206269F6F0F1EA9811A3CA74FF09,1901,a0fb0522751a41d51b554dfdf6cbb867c00560b3,18ec274b156e3fc5b53095fe45f38243a520a2dc
THIRD_PARTY_NOTICES.md,5A679CA1013F778758A71CCC3B9443343F3CF29962D1CABB07F15AA0EF444110,2039,e10737259719c757319247463a6f9c6967088020,18ec274b156e3fc5b53095fe45f38243a520a2dc
VERSION,F8405A7330C287028D470C3EE3506F878F1AD85ED79C1D1ADC19DF2FF7398915,7,a5510516948f37ef18bbb69d8edcb8a2c2e9ba7e,18ec274b156e3fc5b53095fe45f38243a520a2dc
assurance/README.md,59C5309D549A933059E4A82D97C7B2E6B8A0214A817C4C3218EF48C619668C32,879,722e537731c5e267af5613efc56fb0c2916bd9fc,18ec274b156e3fc5b53095fe45f38243a520a2dc
assurance/policies/m15-authority-boundary.json,B089654A54B39772EBEC2CE65E5F4840A789254227AB62A834EDF548CFE1A1CC,2493,256d073a84312ed167938cf937a5e8ba8fc52103,18ec274b156e3fc5b53095fe45f38243a520a2dc
assurance/requirements.lock,9D339046CF665DA5B6B4459EAB4E9C652633268D2D8943CB323C592CA6CBFA30,575,8e817d26f84709fe4a4b30dddc9340b198019a65,18ec274b156e3fc5b53095fe45f38243a520a2dc
assurance/src/guardian_assurance/__init__.py,430664ADCFC565E4DF88A2FBEC44E9C5DA7DAAD07B8D46F4D41B5D9E4BF4B324,390,b43adc55f65c46bf708064ab1561c415001b7e63,18ec274b156e3fc5b53095fe45f38243a520a2dc
assurance/src/guardian_assurance/authenticated_freshness.py,21DFB869581E7BABE0FE3BB010F9F5F174E1E0F87240E44EC0C32E40C1DD15DE,2639,63d8e3d325e441a17e6171147a0ff49ce35f0384,18ec274b156e3fc5b53095fe45f38243a520a2dc
assurance/src/guardian_assurance/authentication.py,D24AA336542568A16B73C42C4E5A12CA3F6F0AD66C120A676FCEB04BB4BA1E4D,8328,790cbe61646aa29099c5178ecff794ca5922de80,18ec274b156e3fc5b53095fe45f38243a520a2dc
assurance/src/guardian_assurance/authorization_authentication.py,10415B16EA3A054242545AA64DB3ACF0D4C6436C3D4D521B8A72EDDF55BA7F3C,10673,050f5967b214f81b369048f70a35be957b6b1094,18ec274b156e3fc5b53095fe45f38243a520a2dc
assurance/src/guardian_assurance/authorization_fields.py,24F62B8486C2090F6BC68BC8228F62139192F3AB090E4710734A19E4FCBED148,2807,91dd0af5697caa244dd52b682404d139bd97c9d0,18ec274b156e3fc5b53095fe45f38243a520a2dc
assurance/src/guardian_assurance/authorization_freshness_reconciliation.py,2A5864665CB21B9E2D7720AE787029DFCFB17CAA8296A074CE501BCBD9174F57,5368,a2851f045d4cf4d2a7de089ddbf56e2d37d7de41,18ec274b156e3fc5b53095fe45f38243a520a2dc
assurance/src/guardian_assurance/authorization_host_backend.py,A85F77A1389F408900343A6A66D4BB584279DAB27D2807289C08B824FD37675C,16080,bbe60627d9709fd2186994dc43a13adfbbd0022c,18ec274b156e3fc5b53095fe45f38243a520a2dc
assurance/src/guardian_assurance/authorization_objects.py,01C7DA31992E245FCD5F63817811EB05DFC1CD76EB8D13B96D773C2EE3035D8D,13726,03610007f16c65cb9283e3a3f773747a5a5c83bb,18ec274b156e3fc5b53095fe45f38243a520a2dc
assurance/src/guardian_assurance/authorization_persistence.py,EFA62981EA30D805E4CE15184F4A17B160859CCC433E9577B528CBCF82CDCB5E,3147,d3d99857d1de28d2887e9496f853be65b1ff134a,18ec274b156e3fc5b53095fe45f38243a520a2dc
assurance/src/guardian_assurance/authorization_replay.py,1FE7514CA56D795A541696897B2CE0210DE4DED01CD2CCB76F89267707BB2E76,7916,2f57f9d2977ceb59d477c1c3117f594bcac1356d,18ec274b156e3fc5b53095fe45f38243a520a2dc
assurance/src/guardian_assurance/authorization_transaction.py,B2419A2F609D23B77547D3CAF7E71D705C2EECCCC481F31B993B3DB85FC085A9,6688,92e61ca58cc28a05268aed81ea9aa39bac0929e9,18ec274b156e3fc5b53095fe45f38243a520a2dc
assurance/src/guardian_assurance/authorization_transcript.py,A7512315C18EE1A81F237E6A057EA09D4A01119C960582F8F5411F3E0D97E877,6549,d86bc53e1a3ab78ffecf69c03db843b0549f2834,18ec274b156e3fc5b53095fe45f38243a520a2dc
assurance/src/guardian_assurance/authorization_trust_store.py,DACC5C37E802D093C1BBC866CBA50A8EC4427E34B8F45C3F48E6AA234BBA91D1,13621,d92cffa69f27d44705721f367751b378511c6293,18ec274b156e3fc5b53095fe45f38243a520a2dc
assurance/src/guardian_assurance/bootstrap_lifecycle.py,66AD7AF49FE85134AAC6C6E6D49028B0180E09E154A47F68154653A3D10B4B6D,11721,2e2c2c280811dc9347c50d5c309fa4109286a7a4,18ec274b156e3fc5b53095fe45f38243a520a2dc
assurance/src/guardian_assurance/canonical.py,0820B37A936C820C60E63C36FF1D8ABC56F485A84DC7756DD4656618B51CD5D8,1032,19887b1a0ec48470dd3a43fbd6878f1cf0c5e5b3,18ec274b156e3fc5b53095fe45f38243a520a2dc
assurance/src/guardian_assurance/crypto_provider.py,17E8342020989A23424571842481ABAE1095299A5F97A0B43215F121C42751DF,11082,ef404295e8098c14cf20f92e02bbdab68939b363,18ec274b156e3fc5b53095fe45f38243a520a2dc
assurance/src/guardian_assurance/domain.py,F9EC9CE70AD137E69013E9A7A429C3606BED8DC846CB182430FB9C560CF42AC0,195,752afff32414f1fec56dd90c02cf2689a7154972,18ec274b156e3fc5b53095fe45f38243a520a2dc
assurance/src/guardian_assurance/epoch_transition_lifecycle.py,8D5327138A1C786A3EB37720A24713D1B78056C88FA0050CEFAA9718EE3FC8F1,13701,14adb65bd5e611c9e71397f5d271a5e6f0ebf977,18ec274b156e3fc5b53095fe45f38243a520a2dc
assurance/src/guardian_assurance/errors.py,35D098606569B31603C9BBEB035E0388C28BA485A90548730BD6FE40E7535D75,648,669e4ac85fa9e9953bfd6bb861ede905a66acd1a,18ec274b156e3fc5b53095fe45f38243a520a2dc
assurance/src/guardian_assurance/freshness_evaluator.py,1032C2762A5AAEDAFD4967EAED439CF21460CFC28EA4FE8D660B2FC0ECA20ABF,3778,04021e8515b446ad7021506c10bbfb4913e6a3c0,18ec274b156e3fc5b53095fe45f38243a520a2dc
assurance/src/guardian_assurance/freshness_host_backend.py,CBE4299B9564E82DC6FDD518AD0C1BD48E7F5F758224F98D862B69A123C5AA9D,11136,b365496d53945a8c0cda34a1c8057dfdbbe08575,18ec274b156e3fc5b53095fe45f38243a520a2dc
assurance/src/guardian_assurance/freshness_orchestrator.py,71DAF9A8BCAA4ED3E64F60FADCCDFAD3CCBFB76CAC99FA78C6BD2FACD9391E5D,7698,006a2be5b8f416548bcb5dacec158363d7e4e57c,18ec274b156e3fc5b53095fe45f38243a520a2dc
assurance/src/guardian_assurance/freshness_persistence.py,0D5F5EB4C7A67C8A28E39DAB4BF344C12A62420FA68814112B3681C35978EB84,4057,69a3e0181a34421990b3843d514456476f67a543,18ec274b156e3fc5b53095fe45f38243a520a2dc
assurance/src/guardian_assurance/freshness_state.py,0108EC2A87D0D39C5E51BD9C9634D3609588214E47F54497C1F43AF31C0B4689,4237,837bbe3ffc473ef3bad1d014b134a61685516119,18ec274b156e3fc5b53095fe45f38243a520a2dc
assurance/src/guardian_assurance/limits.py,B2225FE6EDFCB8AF15C2F6BF006CDB4527D6AB15C8450359CC4634FB2C4EE4EB,341,772c4a0cc57bd4995877191716d06d1bdbf3c132,18ec274b156e3fc5b53095fe45f38243a520a2dc
assurance/src/guardian_assurance/schemas.py,1F87834833BB18C4B860331B73D1C38073F58E4492E3F5B02010CA481FADFEE6,4159,9d5a2a94ac8e9e886afbf03925b2132725a218cc,18ec274b156e3fc5b53095fe45f38243a520a2dc
assurance/src/guardian_assurance/signed_authorization.py,7426906B8670256D8ECCB195CC91A6C1CCF01837BCD3A7A502DF32D9C1BAA1F1,14889,8d5c8da839c770e421343fbbb0ec797915500ad8,18ec274b156e3fc5b53095fe45f38243a520a2dc
assurance/src/guardian_assurance/signed_wrapper.py,014C2088327CBEF2D5A9A6AC1A140AA6C3E36708910DE5696D0ED4DC8C4B5063,13739,5960e66d80c7daebd30637af26ce7832bb658ae8,18ec274b156e3fc5b53095fe45f38243a520a2dc
assurance/src/guardian_assurance/transcript.py,B5C426CE226D8563EA2AFC79C0BDDC4BE251D1A5082A589563C098AA24C0E0AE,4747,ecdd55c7af29a7c6bea99a1c25c1ffc371ffbbd9,18ec274b156e3fc5b53095fe45f38243a520a2dc
assurance/src/guardian_assurance/trust_store.py,EAE322963CA335F96E1A688494DB689BB4FA446C6CFD0C9770DD803FF8241369,11695,5f303da918043acb76cfd5d780808565f0a0bf4c,18ec274b156e3fc5b53095fe45f38243a520a2dc
assurance/src/guardian_assurance/validation.py,51A4175654A0A4B6B91386CDE0D569FD611DE1C91D51D281C91588FE7A4DAD9C,5199,d1662d7c4654936ac05d5b730b2e4502a6fe068e,18ec274b156e3fc5b53095fe45f38243a520a2dc
assurance/tests/test_canonical.py,E1E998798A54F3E386840D62AA95EE72E0F6289299C3D7A1DDF5943F8EB365C3,2644,e20eafa24b71ed9aea35408d313abc107b03bb2d,18ec274b156e3fc5b53095fe45f38243a520a2dc
assurance/tests/test_m15_authenticated_freshness.py,F2DAEB2C5AA2C32C6791FF15227CD898D2270A9F2C3CAD6319D7BCC29A0BDCCC,8533,1f968375bac5e3d1c0d386b13d3d4e0dd7ab320b,18ec274b156e3fc5b53095fe45f38243a520a2dc
assurance/tests/test_m15_authentication.py,E2DC492708C8B376FE6B98596AD6551965A8B0C199E03C48C216A33E3587713F,10590,24d22699af693b1daf59e0efa9ec21c4efaf6864,18ec274b156e3fc5b53095fe45f38243a520a2dc
assurance/tests/test_m15_authority_boundary_validator.py,72535F35AB87033A191DA5723891C4D3C4EEFE0A3F2464072F589509FA793048,8061,67acdcd55a9dc5d784187e8cd659df112558f62a,18ec274b156e3fc5b53095fe45f38243a520a2dc
assurance/tests/test_m15_authorization_authentication.py,778C0EEAF7303CAABBE9F0424666C9F148DF16A4CFC523DBEE9EFD2545C46055,7277,4f3b16e527975ef49acb4359146b1e4432c8fb69,18ec274b156e3fc5b53095fe45f38243a520a2dc
assurance/tests/test_m15_authorization_field_contracts.py,DF37E5B79844919978EB99935FAE77520471DBCFF0DCC1CCA2E5BB374519E4F3,3568,0634a80eedbeb74240e584806368a72a89be8092,18ec274b156e3fc5b53095fe45f38243a520a2dc
assurance/tests/test_m15_authorization_freshness_reconciliation.py,33C2445F51C86CBFB81B8B0A069E9D8C15BB4A85F6CD0D031639C1190551FF6F,7573,74e55bc236f29025803255a014c020cc2fd494e8,18ec274b156e3fc5b53095fe45f38243a520a2dc
assurance/tests/test_m15_authorization_host_backend.py,82CE40961CDC0470E8E64CEAACF923164D215A572C3A475792202C86F8772425,12442,0f04bb0ef2d10859fb0acd4848bf38eb6269e2eb,18ec274b156e3fc5b53095fe45f38243a520a2dc
assurance/tests/test_m15_authorization_objects.py,7D80D1663CBA4FCB0A1617DC5E6A616A9446CDCD92088068C4B05DAB42CB3F76,9739,115d60d036b5eee395f18d006e8c6bab9f8efb93,18ec274b156e3fc5b53095fe45f38243a520a2dc
assurance/tests/test_m15_authorization_persistence.py,02B5EEC9EA5421DB4323CCA6EAAA3422FA9BC6C5C98B4F699456C4CBC9791C01,2071,e1baed6120f3e3e09234069afd8d14473d8b083c,18ec274b156e3fc5b53095fe45f38243a520a2dc
assurance/tests/test_m15_authorization_replay.py,DEA6043209FC6E623CB2E553844761EB2EFE57E11D5C067425D55A5A78AF6170,7799,c090a2b42e233f65795655f68cf2fc123de9a1c6,18ec274b156e3fc5b53095fe45f38243a520a2dc
assurance/tests/test_m15_authorization_transaction.py,D2761C5302D72106B6355313D4EE1B53D2D6FB3901824E9A09FEA11864C3B70E,5907,29d06a3f75bbd979767011d5c0fb5b7ad3990043,18ec274b156e3fc5b53095fe45f38243a520a2dc
assurance/tests/test_m15_authorization_transcript.py,E37A3B53397F2C71CB57F2F6B273AE70B7421E8164931C9BB0383A8F809269CF,8768,96e0fc9c251d9709b27eb7f21df96c6dfe7048fe,18ec274b156e3fc5b53095fe45f38243a520a2dc
assurance/tests/test_m15_authorization_trust_store.py,9C35FB6124D52720105DD0F7F5796BCA548181EA4E9B4BF60E20CEB43A0EB828,9948,907c4fc172481cf877a36676f67d6b7242ae4bb1,18ec274b156e3fc5b53095fe45f38243a520a2dc
assurance/tests/test_m15_bootstrap_lifecycle.py,C303B1776F82C40E7983ACE569ACD98A63BDA55AE3F1767E552958BCF07E02F5,16422,c4a81c2a2ad3d45a97f78a6a379bf3736bf0a694,18ec274b156e3fc5b53095fe45f38243a520a2dc
assurance/tests/test_m15_crypto_provider.py,09BFC3432EFDBED8DF6C1C355EF56178315DC097887C8C0ADEB7D2512546130A,7354,c7a2c44c07e81875d31f1bb783689b6d63b47861,18ec274b156e3fc5b53095fe45f38243a520a2dc
assurance/tests/test_m15_epoch_transition_lifecycle.py,C49F97E54FCC61AD2BA343AAB73B342672B553C146738B9DCB3CA5D2A6A73B65,16367,865437de140fbe0a90fa0ed46ced3ebb32a93ea0,18ec274b156e3fc5b53095fe45f38243a520a2dc
assurance/tests/test_m15_freshness_evaluator.py,40014D0183F63D27DA88ADB2152CF04BA125975E5E020EEF7612EF62F88F16AF,6807,5ef5c6955515c2a4adab4f47249d87d73f197ab5,18ec274b156e3fc5b53095fe45f38243a520a2dc
assurance/tests/test_m15_freshness_field_contracts.py,101300D7C8937ECC3301CC400116FEDE67B310BC8673D1C23B3586D0FD352120,3108,4831c3ca7eade3b11a20d4f583dfe52b52bde596,18ec274b156e3fc5b53095fe45f38243a520a2dc
assurance/tests/test_m15_freshness_host_backend.py,589AB7D6361DCFF1DED15AAAF36D0E4E054C081C5F52BDD418EAEAB5C7AB0A34,10445,4d8f22ceaae6638639fc2fd213366d5a77971a6d,18ec274b156e3fc5b53095fe45f38243a520a2dc
assurance/tests/test_m15_freshness_orchestrator.py,DA1BE16B882B64CCB2498D5E866A7D51AA2CA0177776AD09F75A4F317B0CBA2D,10058,e5d1570e2f5825a5b922a5fe77ffb6e250aef0d9,18ec274b156e3fc5b53095fe45f38243a520a2dc
assurance/tests/test_m15_freshness_persistence_contract.py,230EACF6FC2F7344DAED2FD8762DE97105DD351810E053AFEB255B48E40FAE2B,6782,507c2026818b017b880128ce6cd8f58f804e4e35,18ec274b156e3fc5b53095fe45f38243a520a2dc
assurance/tests/test_m15_freshness_state.py,52104AE33B23B3C022DB01E116B9B19459D69DB8E65CE1984D0981059D8BEC67,5217,788747c02c7b652e9c9a17e1f6ad69d3f383f794,18ec274b156e3fc5b53095fe45f38243a520a2dc
assurance/tests/test_m15_producer_identity_contract.py,D1BE8F698ECBCC3D3E08E6D992E45B5CD6E5AC0B33DF99D517FF8619E2C8E376,3080,bdb865b23707e9b2295c6787fd015cf03ec95d36,18ec274b156e3fc5b53095fe45f38243a520a2dc
assurance/tests/test_m15_signed_authorization.py,D725438B3ABB08475614B6E4A8A1A3EA3AFCD5838E2E585577EB1434405B2DEF,7596,e156de4713f0dc4fb4162d7e740a3c0981bf1433,18ec274b156e3fc5b53095fe45f38243a520a2dc
assurance/tests/test_m15_signed_wrapper.py,B1C428B06A510DEB1FBDB0E81C0DD66FFF9A81791EFF8E9AB59C4DEA47D866C9,10385,e4ea48f2a6090a92d1dbba4efbf3b5a79f17bfa1,18ec274b156e3fc5b53095fe45f38243a520a2dc
assurance/tests/test_m15_transcript.py,1FBC9EB6B0C2BD634C3B0F05C405142396154B01B5F961605F2CDF85DCBD32DA,9908,0c2c1abef331ca8ce21681915d506d4d2c7f2adc,18ec274b156e3fc5b53095fe45f38243a520a2dc
assurance/tests/test_m15_trust_store.py,3E123666E53DB22CFE84C9B6032BCDD5E937E4D2BFD4596B30F98BFC66AF8B58,13768,7a546314440e277dfa62b5ed9e08237d61988166,18ec274b156e3fc5b53095fe45f38243a520a2dc
assurance/tests/test_s2_contracts.py,FC3BD5794CA2058C616634587410A0AB9A7E2818CAB5139182AF2B93ABB909C0,10917,0c62bd4af9d3451d1b9ed3ba9f8bd27b3ce32d96,18ec274b156e3fc5b53095fe45f38243a520a2dc
assurance/tests/test_validation.py,EB00F45B15F00A291472BD303825E767A7289A829C953F449171B4010F9B9BD0,2791,69e6d463a02baa4d44ec78dd47c896484e46be48,18ec274b156e3fc5b53095fe45f38243a520a2dc
common/python/guardian_common/__init__.py,D6DD3A5943EAACF23B925DEEDACFF66CB6AA5AFA7FEF45C67B9D1F8EB15067D7,327,4682e4fc75ad7eb1e2f57c0e4b653e0d88af1e99,18ec274b156e3fc5b53095fe45f38243a520a2dc
common/python/guardian_common/strict_json.py,A951A4C32EC74CF3B26505B0E3E0B66860C5BC7EFA1D42A811FFCC37EA0C55B0,1552,a10755d40858867ccf2029fea0ff54fe34597e96,18ec274b156e3fc5b53095fe45f38243a520a2dc
common/python/tests/test_strict_json.py,B9E9E9BFFF9968322D2DA96B1716489185940E9246F5FE1AD7409BD446F40318,1499,6d2616546b8f66a89e98a0d5a6734dec81e2b23c,18ec274b156e3fc5b53095fe45f38243a520a2dc
console/README.md,07496BF3C42F54D8D9CBFEFB277304B23A2837615301C9BBBFB47FDB05317ACD,813,4c32b897f7800294e1f3b4781b420d19e26d2a2f,18ec274b156e3fc5b53095fe45f38243a520a2dc
console/requirements-serial.txt,95FDAD543F34E4A191CD17219E1A73B4AB4B0B5AD9806A25C3B49E7B48AB8CA0,17,731aac6808db072df3f582a3c9c1463ea8fbd80e,18ec274b156e3fc5b53095fe45f38243a520a2dc
console/src/guardianctl/__init__.py,4590AB43D6DF2A9E85E4809F7C1BE9D984825673F98F21F832D1850211D72BC9,1452,77fa9eec31031cfae9c59ca8bc2102aabb18c935,18ec274b156e3fc5b53095fe45f38243a520a2dc
console/src/guardianctl/__main__.py,A116D2AA6DCBEFB9DE5CF099F180C6210193E4A6730FE72F33299476209DEB56,337,916d7d74cc5788674260179fe190df1f0c68808d,18ec274b156e3fc5b53095fe45f38243a520a2dc
console/src/guardianctl/cli.py,90CADC353C65394BF23E0B700A316D9FCA30B1444F35B107A5CD6F350A28F400,26504,adfa92c311f72be889686ba0c3163de0147bce38,18ec274b156e3fc5b53095fe45f38243a520a2dc
console/src/guardianctl/client.py,0F1E3D755C85ED98F85404199AF4283321AD8CAA9068F0A407216E32805DBD0C,17532,03ec4237bf2076e18dc662df0b42d1c9b32c3585,18ec274b156e3fc5b53095fe45f38243a520a2dc
console/src/guardianctl/config.py,F39EAA343D949925089DDA33EC75552403359C15EE7CB4E7AE995827EC6BEED4,4917,0579e31a558481244c30f09e96657283da4b021c,18ec274b156e3fc5b53095fe45f38243a520a2dc
console/src/guardianctl/errors.py,FD2AB4D2E25A8B8A725D4F2ED59F225C46101A383DFE489C5CBF9EA65C79AC8D,2036,89fa0328ce86c3381d541290447cd6afe6705ddd,18ec274b156e3fc5b53095fe45f38243a520a2dc
console/src/guardianctl/hardware_validation.py,4AC85BECE9822A3020B83D7FBFEEA616D83D66CFCABD8A74BBBF97E713168768,14481,85beaadea98504f1456849ac87881c39c5e5f7c1,18ec274b156e3fc5b53095fe45f38243a520a2dc
console/src/guardianctl/presentation.py,B456EC1531DAA06D66BF8637E5268E178946E7C328D28D381BF5A7D61508D14C,22683,a6ad48b9efd5253e70b9a797fedba57337b2b846,18ec274b156e3fc5b53095fe45f38243a520a2dc
console/src/guardianctl/security_client.py,5549CA00C98C0FF889FE722ECB38B364A36C3896F7CF11F55E91BA7541B73394,13553,e53be98e2703116e825959b7e44b92fdc1cdeac3,18ec274b156e3fc5b53095fe45f38243a520a2dc
console/src/guardianctl/sequence.py,697DD2FA213947C00687ECF53093D34094DB5C87BFC9658A1A940B0781977E34,1742,a3724e1240743bb1f906f26e745f5c2ec04e97ae,18ec274b156e3fc5b53095fe45f38243a520a2dc
console/src/guardianctl/serial_transport.py,9D40D7B208559631A9136FB5D32AC7D4775163ED0E8B9915257D4A0340F424FB,6861,3cc0d3cd80b5f2e5e85a5ab646fcfa42b098e786,18ec274b156e3fc5b53095fe45f38243a520a2dc
console/src/guardianctl/telemetry_client.py,9FEDDAAFCBE2F6E61AD4775384DA3FFB4F1EE4876D3C77DAA784D34B3B7FB809,23870,8815a52dc6dce0fc015282ef330a652f50419ffe,18ec274b156e3fc5b53095fe45f38243a520a2dc
console/src/guardianctl/transport.py,65754F266270A21FDA3270908E2ED504A688A5FBF5C2F4DB9D853C8BDA8A8227,7126,085954c705dc12f007f031c8b660edd65c4202e3,18ec274b156e3fc5b53095fe45f38243a520a2dc
console/tests/test_cli.py,1A2C5F8F5BD7719F05F050AF79D7502FF7C62C0B0DAF9CEDD81E2451E4286257,4673,72a44500fa222661fa91fae99407f0178e7aeaa3,18ec274b156e3fc5b53095fe45f38243a520a2dc
console/tests/test_cli_control.py,C39C4D8490BC03AF760CC460E97D51B77136CE6A3C58C4E0715995CE57896236,4916,6e7dc718959b58a93a8b865e05e8db7848f240b7,18ec274b156e3fc5b53095fe45f38243a520a2dc
console/tests/test_cli_firmware.py,9FAF476041F9785E6BBAAC3C3FA4C34B2CFBF2B239DBA23523A04C6452A11C9C,6463,e0fbc92c49d805f2cf5b33894973a1dc4b01bb58,18ec274b156e3fc5b53095fe45f38243a520a2dc
console/tests/test_cli_health.py,0F61C7A634CEDF329B0A7A83392AC6D7435317DE41277866469D96425CB3EE26,4477,afe5e6291c55e28ad45808641de611c0a3e8a609,18ec274b156e3fc5b53095fe45f38243a520a2dc
console/tests/test_cli_security.py,D2285B81CC1BAF30CC76C3323E632A2065BEB42260A5330796C0F53C2D335B44,4832,21217a77bf3f64ecb45f0870b07694fb79b8baaf,18ec274b156e3fc5b53095fe45f38243a520a2dc
console/tests/test_cli_telemetry.py,64FCD95EB1E0F1B81D759FE17F2737AFF637C3B1E520BE06792574109B53B54B,3795,fd30fd4c1b32ab5d13b19635847cf91c5edbb333,18ec274b156e3fc5b53095fe45f38243a520a2dc
console/tests/test_control_client.py,850F28654ACB8B23DF648D749A1A047E11823D1A6BEE4A210A4B32197A6524BC,3851,01f57ff4533e9be6096a0cbb19cb9e635f1c9219,18ec274b156e3fc5b53095fe45f38243a520a2dc
console/tests/test_dsp_client.py,36FE7BCB1435BA50717F144BA05B2BE3C5F01272CD20E0F7A6CAE41C7B0BEEBB,2913,6434ef50f3e7d67abec78fac35a2a1708cb162ad,18ec274b156e3fc5b53095fe45f38243a520a2dc
console/tests/test_firmware_client.py,6EA835375CE5A1AEFD9B0F66358C560180CC7C076F814DE3B63A335AD63E0A80,5884,89acf5b5dcac766d5209e790e677316fec7ff851,18ec274b156e3fc5b53095fe45f38243a520a2dc
console/tests/test_hardware_validation.py,20ED81835BE8E059FB32D2A703E7F4DDAF057E21A0450CE239A9E2785AEA1FDC,8984,00b754319bfd6c9e8cecc10e4132d878210871f7,18ec274b156e3fc5b53095fe45f38243a520a2dc
console/tests/test_health_client.py,349F3A8B3181DDDB3AAB7D8DB669A6CA49F7A0A94D4BD04BD6469A9E65938D74,4225,d4afd11202f4f28c64e50d48986edcec304bd6c2,18ec274b156e3fc5b53095fe45f38243a520a2dc
console/tests/test_presentation.py,8E54DAE9F4E63CD853149FE0B6381132B6FCA2DE5833C073B57C2BA68DE79A87,2850,889a17eb2dbccdfafa1d14d1791126fa8657f7bb,18ec274b156e3fc5b53095fe45f38243a520a2dc
console/tests/test_security_client.py,40656CD46F98711BC16AEF0071AB5D282CF2A48C0FC34CA50B8448BBB1758C4E,5768,626e5a766b5f55d5faf97d92bf5c3dc6f383e261,18ec274b156e3fc5b53095fe45f38243a520a2dc
console/tests/test_sequence.py,67B1D031479540EE8941F665D804CCCAB8FAF4E04B0A1B11524B4AD811E58D8B,1844,434b8f67623b6d0958ca740de844fed687b867c7,18ec274b156e3fc5b53095fe45f38243a520a2dc
console/tests/test_serial_transport.py,AB582AEAA4E41286DA3A71B9A961C90093494BC66C5AC99605B5496AC357C530,4369,80141b8ad0e2d54cec77298d05f18dab659151cc,18ec274b156e3fc5b53095fe45f38243a520a2dc
console/tests/test_telemetry_client.py,ED3C4F798025542F9EBBD476E311851E46BE85D23D78214F0F5F132B043A8DE8,3859,6904f1bb7284373326ba75214dbe63dfd5467cfb,18ec274b156e3fc5b53095fe45f38243a520a2dc
console/tests/test_telemetry_serial.py,9D93E7149E5F39E6EA569A71A51BFC8C69FAEB74C84ADC3DC2123E40866F15D9,5078,a2a85ffc3cfba787345be0975e1236315e0042df,18ec274b156e3fc5b53095fe45f38243a520a2dc
console/tests/test_transport.py,E1C208AA6FCC3F212C5AC147DC9D88601FA86C2EE986E7B8EE47FA49E2990B1E,5383,23c283db28331f4f44275e65a264b6797f9557c3,18ec274b156e3fc5b53095fe45f38243a520a2dc
docs/adr/ADR-M14-001-canonical-envelope-and-closed-payloads.md,EA8CE5FF44D2674F14C5CDE68E94D63D386477D97407A793BBF1C7DC70C6CF1C,2410,9cccc1fa77ae2b8bba49050700e4330d73a4daf1,18ec274b156e3fc5b53095fe45f38243a520a2dc
docs/adr/ADR-M15-001-node-identity-and-signed-assurance-messages.md,6C0A3284F5062345956782D32F0A56256A4765117371FCCD088C134D9CA9468B,27905,b1987b6591178e32a3053ec45e497bb3438f6919,18ec274b156e3fc5b53095fe45f38243a520a2dc
docs/adr/ADR-M15-002-repository-governance-source-of-truth-and-evidence-architecture.md,5B6A21760A0C30DE9778EFB1A00696EF3375AC366A70BFC8F726B8B1CB8325FA,25368,68954643f47cdafcdd5b06a5a4f53bbf2f5e2d75,18ec274b156e3fc5b53095fe45f38243a520a2dc
docs/adr/ADR-M15-003-governance-register-serialization-schema-versioning-and-identifier-namespaces.md,175A83795C80D50C92DC6739FD6A80F67E832503F99BA08DDBA3FD15E5A529E5,25377,af9545cbbeea21e548d6fb6628f006130a790696,18ec274b156e3fc5b53095fe45f38243a520a2dc
docs/adr/ADR-M15-004-governance-json-schema-dialect-validation-engine-and-offline-resolution-policy.md,4CD6359DFCD621BF4DF3465FB44D4E1522C103BC4442BD926F5EBB5CAFC44B1B,30802,d5336fcfc2a2d984ded0000994c33105d054388c,18ec274b156e3fc5b53095fe45f38243a520a2dc
docs/architecture.md,0E7DF7279DC8BDB1E8B49DA6086B2DE31C113B61A7B73791D889C49AD3086125,686,3835a2e34e1bb0c9d3923e8ad9b2909c733a5a1c,18ec274b156e3fc5b53095fe45f38243a520a2dc
docs/architecture/m14-assurance-software-slice.md,59D55B2336CC96E3F68C803216DFF206E17C1352BD12C4DA25013239C5CB4E90,3066,e401c9ebaba8358bc091ef835d9f3ae8b7e85851,18ec274b156e3fc5b53095fe45f38243a520a2dc
docs/architecture/m15-g15-05-authority-reachability-model.md,5D410C0E0ECB2251A80E68BA63BCDD6EF6C577BC0200F622093F4C1303CF08ED,11235,24e9142f69447b2ab77993c5728c1c0c97646900,18ec274b156e3fc5b53095fe45f38243a520a2dc
docs/architecture/m15-identity-signing-decisions.md,3812BDBF2DFF1AEAA31C2D9629C79353D8711AD0E37A39D2D777B12379ED1AAE,10044,1480b8c083c3920ea0cf3553b095a2b761bd3890,18ec274b156e3fc5b53095fe45f38243a520a2dc
docs/architecture/m15-key-separation-decision.md,3E110BECC59CE545EF076ADD0F373CC78D9CAFD858B03A4A15E1CD24179C4042,14170,07aae2edabff98e67c9d9cfca03ebc36b219d8df,18ec274b156e3fc5b53095fe45f38243a520a2dc
docs/architecture/m15-provider-error-api-decision.md,19FE1A2799FD4B29260DD9B0C9942F993BB6586938D282A7CA7DC7D2C163E1EE,15924,69105433ae73c60f2fd9fb628a68fd93ac2ead4c,18ec274b156e3fc5b53095fe45f38243a520a2dc
docs/architecture/m15-signed-transcript-specification.md,F6D87F762CDB4F80018972C331C3A34A23B708FB297DFDC35F3B5CDCF775080E,21238,abf4fe43b628e75da263fc42644574aaf1e41b09,18ec274b156e3fc5b53095fe45f38243a520a2dc
docs/architecture/m15-trust-store-decision.md,3FC79D300C34188567C1AF144CE89BEB93FE2BCAB8E428A049492A4F16569591,11090,bd66af1eb1dbde31144f0768027ef032e1a049a5,18ec274b156e3fc5b53095fe45f38243a520a2dc
docs/evidence/M15-G15-01D/Guardian-F401-AXF-Adjudication-Incident-Record.md,5EB54C2775B03198353CDB1AC88F0BD62CF573DD83C00D390AF5B475B6277070,7018,6398a6761c6d6289f4d340d8e944437d406fc4a7,18ec274b156e3fc5b53095fe45f38243a520a2dc
docs/evidence/m14-evidence-index.md,33D662466AE167AA8A10EE6718680791F28EFE174D9BDBF448905B591587D6B8,1528,1236e2b0dc3a74e6fc3d8888ed40d87b0f6611d4,18ec274b156e3fc5b53095fe45f38243a520a2dc
docs/governance/M15-Decision-Evidence-Matrix.md,BD49D625D0A667050AE56B1ECA08EBC98493520CEEA11506407FF002836129B3,1847,57e1207256f0e64caf7f725341b9a0335daa4c14,18ec274b156e3fc5b53095fe45f38243a520a2dc
docs/governance/M15-Governance-Closure.md,9312F462A1FD3C2A841EBAE1C6FB8649C00FA7881F824A8CD63B236EBB9E2659,1577,4deb5e756c48383043fcdcea7598a2fed6c00943,18ec274b156e3fc5b53095fe45f38243a520a2dc
docs/m1-protocol.md,7423A6753BC6B684B4F061968246246175161E60B875C1670ED35EA72AFFEA28,1455,b58ff1fdd946ff07520b2c639e27031a7f357f9a,18ec274b156e3fc5b53095fe45f38243a520a2dc
docs/m10-security.md,F85DF22677FC30179D3670305E1384ACC7A8F9D73C3A23F34AD29DC263328933,5811,512ab05d5c53578a06c3e7868c17c38397ac9346,18ec274b156e3fc5b53095fe45f38243a520a2dc
docs/m11-robustness.md,08EAA7950CC253EAA3D38DE17A8EFC8BBF9102DA9DFAAB418A7EC970C8BCE75D,6600,e01840b00c6e509c1bc00be6b07e2d061e79c134,18ec274b156e3fc5b53095fe45f38243a520a2dc
docs/m12-firmware-lifecycle.md,C9E48BE37E15E0D6C240607216F34245E1CB58CF2E0272A00DA56771A55048FE,7154,b6c68c5d21248b72dcc3697d080ff6c80dda802a,18ec274b156e3fc5b53095fe45f38243a520a2dc
docs/m13-hardware-validation.md,7998E07839CAA2B1509FC4D5CFC232C243A3309DF24B6F31549F337BC1E5B610,10410,56c88470bd4c69f861c9a9dbed75785ebba842bc,18ec274b156e3fc5b53095fe45f38243a520a2dc
docs/m14-assurance.md,B192CE68B5051323E06DDBA39C101AD1A78789C2A73B1DEF8E5E017A7F1627A7,3164,4709de9bac3bcad8d411e7008f936f202054c09f,18ec274b156e3fc5b53095fe45f38243a520a2dc
docs/m2-simulator.md,D821B63AE992192427615E677538D22C70FD39450867C29FAD638C26383A506F,1378,787946cea642efaf00723f5e7716d8533046e767,18ec274b156e3fc5b53095fe45f38243a520a2dc
docs/m3-guardianctl.md,57A124D0F368DB1D3EACF801712B9E933F2E935E1098C49F8255E39F98A802F8,1717,b7fdda66327244888043d4f93c7e84cc24a1dc5c,18ec274b156e3fc5b53095fe45f38243a520a2dc
docs/m4-stm32-uart.md,36A7770542FEB537B3B37AA5E89C8B791B1F74072771CC0C6E07F09D129067B8,4064,b10c89af39f71b7f849499d60f0398de71959615,18ec274b156e3fc5b53095fe45f38243a520a2dc
docs/m5-telemetry.md,F83557033A36D32AA70900CE48C901F9A6BFE6856F386CC846ED3AC45F511582,2891,0bf2790a1fc8228e4ee699f34a442c140dfc55eb,18ec274b156e3fc5b53095fe45f38243a520a2dc
docs/m6-acquisition.md,A5797D418D7A7B1118A52A66B1597F68ACDFF3E8486F39E8AFE163C92329DE3E,8259,546cc76d5164880b448324cae69d7276392212ab,18ec274b156e3fc5b53095fe45f38243a520a2dc
docs/m7-dsp.md,11D1DDC4B581BA42412977E7A8A37F1CE854E26FFC74A505798274B37C02CFCB,1496,58a1c3e645505459584f5bdc853d16c911c4f799,18ec274b156e3fc5b53095fe45f38243a520a2dc
docs/m8-health.md,830CCAA26619E8B4F80EEA06A6075A80EA5BA79C87ADEF22A4E30C0D8FAC9D68,5270,22deeb9c1f7951e8f902d790edfc6a4aec5d30ef,18ec274b156e3fc5b53095fe45f38243a520a2dc
docs/m9-control.md,69B6E65D3DF3769AAF230186D6CB01A36A14BA160D0EE71C07DCC2D594ADC316,5811,57e8bd444b953528f7008d65d43950fcfb634f5c,18ec274b156e3fc5b53095fe45f38243a520a2dc
docs/publication-record-v0.13.0.md,A7880DE117958BFF38A0DF120D6227FEB6A08F377591D4F75C050B11F6BAD997,2232,448d9edf3b7d23db8377164b29af8f00229ded6d,18ec274b156e3fc5b53095fe45f38243a520a2dc
docs/release-evidence-v0.13.0.md,D68B316AE26A9A3383A8563A3D775C6753C44D75BBC257DE0220003EC3C9F117,3020,74e86d18fcc8cb9307c116d912607fe16898c618,18ec274b156e3fc5b53095fe45f38243a520a2dc
docs/release-evidence-v0.14.0.md,880685789978A3910AC76AB223E8FEDC90788B8730FE71ED6B97CEC42033DDF3,1788,7a0c14e0816d0a098dc3448bc89f8e03ec11d138,18ec274b156e3fc5b53095fe45f38243a520a2dc
docs/release-evidence-v0.14.2.md,1F6DDC4427EB33D7F761BE73CCE2621D74D3873968E7954D754EED8E5DFA54D7,5040,578d2058dd8b8d47d908b8a9069740655e31b217,18ec274b156e3fc5b53095fe45f38243a520a2dc
docs/research/m14-open-gates.md,6B62165322B531DC8EBEAA4A5CF875A02D38CFDA5FC25A8A55E9950983EFEB90,1821,00fd0b3942bfed161ad6edb75b4ea48f351e63a2,18ec274b156e3fc5b53095fe45f38243a520a2dc
docs/research/m15-prior-art-and-related-work.md,15DA88DDA7BB8EB292C43FC9707852F781C8B4552B2DC7D18208488ABD30A913,8652,e4dc6db29a19a5d8ca3e072190568500c561991e,18ec274b156e3fc5b53095fe45f38243a520a2dc
docs/threat-model.md,82A61123240F9ABBC5DAE0323294145DFE957279E2F04F4E6CB813638D2C6A55,708,77d0bef77107851eb6cccce63de0ec7c91832999,18ec274b156e3fc5b53095fe45f38243a520a2dc
docs/threat-models/m14-assurance-threat-model.md,BE7A0E50983D82F81F2908C7C5D7E1D11969B4806C84F6DF8F1F4BB84BC84A80,3340,333181ca63ec269b7fe9deba810fa7998c60c092,18ec274b156e3fc5b53095fe45f38243a520a2dc
docs/validation/m14-assurance-validation.md,60F80C550E437B963182AA3B56356D5B3991ED42B25112350B25FAFF71B927FC,2310,a91375d90f1d3f77abb92b5b18b29a5968326221,18ec274b156e3fc5b53095fe45f38243a520a2dc
docs/validation/m15-architecture-gate-review.md,099BA7745DD805BA746B8B23626FECDEF60CE9F6329E061A6CF0868334427182,40402,be7675329b4a19530d704cd401d36c44280910b2,18ec274b156e3fc5b53095fe45f38243a520a2dc
docs/validation/m15-g15-05-authority-boundary-enforcement.md,B3017A4917EBE0AA9961EA01E6248F3434046B502238C94BE5466C16F3779200,5179,bfe0adb7d56eab0b2d1590898a469ba82dd2640c,18ec274b156e3fc5b53095fe45f38243a520a2dc
docs/validation/m15-red-team-closure-matrix.md,7D5CCAD15EB8BBBE656D2903D4A8A5334E483AF1A4D6BDEC34AABD4D76F67410,12762,fe3066cca0c85afd03ec30ea37c8b46fff77c102,18ec274b156e3fc5b53095fe45f38243a520a2dc
docs/validation/m15-rt-001-ai-advisory-actuation-boundary.md,5F500E34725896B8FF6DC7576106D46DF4EBCC46E05D4B61C975DE72BDB33BAD,6474,9bd37af3c2d9c7c20ecee34e39ff75d91aa7450f,18ec274b156e3fc5b53095fe45f38243a520a2dc
docs/validation/m15-rt-003-hardware-validation-boundary.md,6B874FAC6B29073FEA873EFABAE01398F9EEC30925CC3E57B70BF89CB3BDDF43,5215,44062a76fa18cadea90d4bdf8a4903247970dd3d,18ec274b156e3fc5b53095fe45f38243a520a2dc
docs/validation/m15-rt-004-fuzzing-claims-and-coverage.md,A6EE1C2D899B1EAF502E47CBE7516236D4E9C4EF3A575F441C936D35CD7DA05B,3234,754c3edaf2d00ffb189767f99d0ce6eaf9ac4277,18ec274b156e3fc5b53095fe45f38243a520a2dc
docs/validation/m15-rt-005-prior-art-and-related-work.md,49F70832AF11C972784BFCDF9AE9017B0916973F2C20F6F2EE214FAD8415ECCD,5044,5ffa362b0fa8494c599b49a1f487d8861ab4c302,18ec274b156e3fc5b53095fe45f38243a520a2dc
docs/validation/m15-rt-006-sbom-dependency-accounting.md,85613DA6E3AA77DB0D0D5A240009B307615CC26C65A7DBE3A1DC915E7B0DBB3C,4732,e3cce431d8052bb8d90b0bba913ee3eea92e6f62,18ec274b156e3fc5b53095fe45f38243a520a2dc
docs/validation/m15-rt-007-license-adoption-boundary.md,9022CA549F9407E3A77BED071BD02FF51EE07C5F96D29932A922A32037FF2477,4769,114a116cbba5911166a2e65718c9c4249f224c93,18ec274b156e3fc5b53095fe45f38243a520a2dc
docs/validation/m15-rt-008-multinode-heterogeneous-boundary.md,B3DE42751FAF7BC5871671566D57608F95FFE58574F5E671BAF007106C392595,4313,94406857479df5d098a92081bb0023320aadeb63,18ec274b156e3fc5b53095fe45f38243a520a2dc
docs/validation/m15-rt-009-independent-review-boundary.md,BD02606A7D438641B66DC766B1E20AD9560E87D07189773BCAE509E11B4CC23D,4588,24a983f5d563dbb8f289a5fcce2ba57a74b1539a,18ec274b156e3fc5b53095fe45f38243a520a2dc
docs/validation/m15-rt-010-release-version-reconciliation.md,C389B68C320161A5685929DA0D1F81E5CDC9248E6EFFE3232802CE755A0F8B34,4735,ab87a93bec38aaea7b07b8f157390059fc928343,18ec274b156e3fc5b53095fe45f38243a520a2dc
docs/validation/m15-rt-011-technical-destruction-terminology-boundary.md,C0ED85E0B01FD08899BC107E1C74F20EBB0429B4F5507630BF54C93E61DFCF41,5391,ac8fb8152cc515cfac29468bda8b0cc0f682e8e4,18ec274b156e3fc5b53095fe45f38243a520a2dc
docs/validation/m15-rt-012-material-claim-evidence-boundary.md,84A2B1DF104A70BE1CD2C31FBEA8D4BA32AC5E916CDAA8DE18F8D3374C03BAA4,7869,a3bb95f92ae08265784c16bc95f69de20b4a6d8a,18ec274b156e3fc5b53095fe45f38243a520a2dc
docs/validation/m15-signed-identity-implementation-validation.md,DE8A6D6B48F1BF71605537DF1D9E995D9E3672F532C48017E56FC66018650650,4780,c230802e642eb1b14e58103df73d176dcda52b8c,18ec274b156e3fc5b53095fe45f38243a520a2dc
docs/validation/m15-td-001-purpose-domain-separation.md,1B8D4EB6D891DDC5447B51E56A887ED8772F41C08B7964E623CD1D570B09F60E,4076,e8aab4fc4ab97cf1beab05ff3f2b437d81e3da80,18ec274b156e3fc5b53095fe45f38243a520a2dc
docs/validation/m15-td-002-wrapper-resource-bound.md,44F9BE590E0E01FCE430DFD9182083FCD41FCD1F694FDA92FBA9E63DDDAC84CF,5147,5f0e0708ccb6d7e3b974769899e0b9cba7b51024,18ec274b156e3fc5b53095fe45f38243a520a2dc
docs/validation/m15-td-003-trust-store-document-schema.md,5416AE7CB55E8024020F7B6625A3941B978AA0720C55E8E9ED62762325040794,4059,eaa7526cc7922d9ce1ffda0c1fed49a3bc371c34,18ec274b156e3fc5b53095fe45f38243a520a2dc
docs/validation/m15-td-004-trust-store-resource-bounds.md,2183B8CDB1DC9945C6197ADED6392B4AFADB30F0D027A894DE48E5A0EA17BF74,3363,6eb58dd5651ecf1f0273ec6f07433c8d4b470f2b,18ec274b156e3fc5b53095fe45f38243a520a2dc
docs/validation/m15-td-005-persistent-freshness-state-model.md,D3DFB7620D50314A8A323245601EAB3F2EE1E3927F62A83685368C3A54A24962,40087,36b2c7ad68578a96987b5b17756698e0078cd050,18ec274b156e3fc5b53095fe45f38243a520a2dc
docs/validation/m15-td-006-bootstrap-and-epoch-transition-authorization.md,2F33E655FA09F7CF68688B66E0FCC59A77C6EA47CC0912DEE8AFE20B5E267F77,45948,5641c0dd1b76a3377265fb245995741acfb688c5,18ec274b156e3fc5b53095fe45f38243a520a2dc
docs/zenodo-deposit-v0.13.0.md,85619B0EB178506E232F30BE6111C046EF977AA485935C16AC371DD05A16E0BF,2932,d8e452e4bb18155470bf2f751e60c81c8eceedd0,18ec274b156e3fc5b53095fe45f38243a520a2dc
firmware/Acquisition/Inc/guardian_acquisition.h,941623BB9336DA97B4AAC49338E3A04948FDC4D3869EFBE17FA9731B0BF71C9D,8321,e7af8d9b95a33fe3b757c19640ac9a801ace621d,18ec274b156e3fc5b53095fe45f38243a520a2dc
firmware/Acquisition/Src/guardian_acquisition.c,5E6AE6F6C83319578D059F2938CADBD99190EE0368F7D02490D4E49056E9852C,24404,1ca4227018c3f622f2b042c9f8b0b82cb5d1f63e,18ec274b156e3fc5b53095fe45f38243a520a2dc
firmware/App/Inc/guardian_device_service.h,AAE83C393095BF889E472D81580E04D28CF323765251B0092776FFB42DC71AED,3126,e8c4c7402a8a13916cf0ba4af5c639fd2b78e524,18ec274b156e3fc5b53095fe45f38243a520a2dc
firmware/App/Inc/guardian_firmware_app.h,A4B6A4A825F0C9230425C228EF641B405AB94D4936B723665DF93D17CA4AD7E7,3987,4405c0d0e98602657b6865a556bd553fe7677eba,18ec274b156e3fc5b53095fe45f38243a520a2dc
firmware/App/Src/guardian_device_service.c,83897B5394F222D115F197886C9423514649C7BA704DA7680B600EE17C17C667,10218,3feaa7a111c58acc2d7ba6ed6f454207b26cbdc2,18ec274b156e3fc5b53095fe45f38243a520a2dc
firmware/App/Src/guardian_firmware_app.c,7785B78DA93466896A79E826CB905FE62C4E2C1734DB5635EC3066BDB1250B72,14554,593fdd52ec687ffa67cb1ec4d9585db1274cbe34,18ec274b156e3fc5b53095fe45f38243a520a2dc
firmware/Control/Inc/guardian_control.h,0E11B045D0553F727A86C37A3D01E0770BAE91C458157BBCA95ED981F3DB5EB7,7668,d4b666b01bde4d1cb661247b82bf90427e98a346,18ec274b156e3fc5b53095fe45f38243a520a2dc
firmware/Control/Src/guardian_control.c,D1E7EF97D1DF77415996FD53D393BC593CB07EA2CF37B3820A7818B6A56E3768,37858,b6d7a2f59f89bfceb262cd22e901ddb2ac7f68c9,18ec274b156e3fc5b53095fe45f38243a520a2dc
firmware/Core/Inc/.gitkeep,E3B0C44298FC1C149AFBF4C8996FB92427AE41E4649B934CA495991B7852B855,0,e69de29bb2d1d6434b8b29ae775ad8c2e48c5391,18ec274b156e3fc5b53095fe45f38243a520a2dc
firmware/Core/Src/.gitkeep,E3B0C44298FC1C149AFBF4C8996FB92427AE41E4649B934CA495991B7852B855,0,e69de29bb2d1d6434b8b29ae775ad8c2e48c5391,18ec274b156e3fc5b53095fe45f38243a520a2dc
firmware/DSP/Inc/guardian_dsp.h,2A5BAF2E80A5E667A3251B4E175C522499416C3DFCDFEA632413A6DEFD94697D,4042,732c51dbc946711f97ee58ea5b5ba6796827a7d9,18ec274b156e3fc5b53095fe45f38243a520a2dc
firmware/DSP/Src/guardian_dsp.c,469AFE16CF3C9187F3A9EBF34D211AE7F5D6B9EA8B5421244229F66DB604712B,29391,e6d5828062af3f6b8d321ae8b59115c6301800d3,18ec274b156e3fc5b53095fe45f38243a520a2dc
firmware/Diagnostics/.gitkeep,E3B0C44298FC1C149AFBF4C8996FB92427AE41E4649B934CA495991B7852B855,0,e69de29bb2d1d6434b8b29ae775ad8c2e48c5391,18ec274b156e3fc5b53095fe45f38243a520a2dc
firmware/Firmware/Inc/guardian_firmware_lifecycle.h,AAF55EBC05F4F186508EB7AC03396B5960DE698736BDD2A32BFE5C21503F99EE,13929,46393caad58cd17986d708bed9e748db84eb06c6,18ec274b156e3fc5b53095fe45f38243a520a2dc
firmware/Firmware/README.md,BC296FB641D346016460DE5F2D79A9FF0AC4DDFD1732759004078014972F41DC,684,61e2d9373f924c1fcd4645bb83938d11dc938c17,18ec274b156e3fc5b53095fe45f38243a520a2dc
firmware/Firmware/Src/guardian_firmware_lifecycle.c,6C74E68CBAEC3846BF28B8D0A7FF217191D8A2251FAAEC595034CED6068222F7,35702,e09768c5f4b7959e2470d5658866928dfd684b47,18ec274b156e3fc5b53095fe45f38243a520a2dc
firmware/Health/Inc/guardian_health.h,2D13199F8F120734394821566F50E9D3F198294E11D5A836C69D761C2277CB48,7657,22d4d785dc1549055f67cf5f8512153b0c328bd0,18ec274b156e3fc5b53095fe45f38243a520a2dc
firmware/Health/Src/guardian_health.c,FE2D1FD23FDE473793A150DCA72869A9A751D9DFF6DE5F1CD60658B6454252CC,37106,bf53efd6302a68456e3da52d9b03f35e3bf48913,18ec274b156e3fc5b53095fe45f38243a520a2dc
firmware/MDK-ARM/.gitkeep,E3B0C44298FC1C149AFBF4C8996FB92427AE41E4649B934CA495991B7852B855,0,e69de29bb2d1d6434b8b29ae775ad8c2e48c5391,18ec274b156e3fc5b53095fe45f38243a520a2dc
firmware/MDK-ARM/Guardian-F401.uvprojx,73D51C2DDE718A2BFA5E01D14F9989234ABA556614980F00EACC65E089585279,19465,5c7cea8ef945c86cc3b79209b5c08d388b892aba,18ec274b156e3fc5b53095fe45f38243a520a2dc
firmware/MDK-ARM/GuardianF401/.gitignore,F4333DC25BB106A83C637D03F6830C0161C99BA5546F2A583199F5BBA9B0EB98,229,b6a44bbc0d1cf0febfba0ff54a8a5491fab58545,18ec274b156e3fc5b53095fe45f38243a520a2dc
firmware/MDK-ARM/GuardianF401/GuardianF401.ioc,733F31FEA812E66A13DCAE542CD680DA3AF8C682AD35061C8680D0A374AC11C8,3607,034112874bb6087bdcfe46e064b2d0369c7ac378,18ec274b156e3fc5b53095fe45f38243a520a2dc
firmware/MDK-ARM/GuardianF401/README.md,EAE19DFA38749A9D129DDEFF87F99CE1A880697AF04804ECECC7C0BB8E9E058C,2624,92c4e36b0deb0157cc7c128050da6dacffe5e823,18ec274b156e3fc5b53095fe45f38243a520a2dc
firmware/MDK-ARM/Templates/main_guardian.c,C404A0F7B5B254ACB735E9AC1528CF91E2957A030CD8B24F562114074BB41FFC,2464,9c7f164be0378139275308374f72998808e07b56,18ec274b156e3fc5b53095fe45f38243a520a2dc
firmware/MDK-ARM/guardian-f401-keil-checklist.md,F908C509FE6ED719CD1E6E14F515BB73EBF762AE2283989A6B6D6CD007A0AAAB,1478,bd2ba7c1be0e6a6745e5bcde9e16ca800d84986e,18ec274b156e3fc5b53095fe45f38243a520a2dc
firmware/MDK-ARM/guardian-f401-keil-includes.txt,0F751B6B03AD46A0D572ABE77B59F586DDEEAE17A482190191330E8A440876BF,243,f11c533a72de5e86081a215bf8c72be5ec7a34a9,18ec274b156e3fc5b53095fe45f38243a520a2dc
firmware/MDK-ARM/guardian-f401-keil-sources.txt,F19D466598D78ABE98603574CF4F0CAF1DD713A0D648F96DC9BD9B6E63E23FAE,1405,6f55e670289ebaf8f75731f20969556a09c16e3d,18ec274b156e3fc5b53095fe45f38243a520a2dc
firmware/Platform/Inc/guardian_embedded_link.h,5DED33B2C7C4CA6827BC4E31D59EE5ACB878050DF7CB6A43FF45517881564256,8000,e815599b4a207430a1c470d30d1e04d11c65765c,18ec274b156e3fc5b53095fe45f38243a520a2dc
firmware/Platform/STM32F401/Inc/guardian_stm32f401_preflight.h,AF0AAAFF03EB065690AE31D07A2EFBD16C5738B97D20E343F790895D1B5F6AD9,2989,00eab26c44a0c47a35991a7e20b3618825456301,18ec274b156e3fc5b53095fe45f38243a520a2dc
firmware/Platform/STM32F401/Inc/guardian_stm32f401_target.h,85D5D161CC03F274D89D76D2E13984F9EF441578D6ECB480FCCEF4973FA57923,2838,b258c89443bfb4f06563f105ee9f4c3b8e4a265f,18ec274b156e3fc5b53095fe45f38243a520a2dc
firmware/Platform/STM32F401/Inc/stm32f401_acquisition.h,B4250E75838FAAEEE70043289FF27F53AB756F899DE47A66FC9443A9D5BC22B4,3759,b903434ee2192ef1404c98d80fa26245b32f219a,18ec274b156e3fc5b53095fe45f38243a520a2dc
firmware/Platform/STM32F401/Inc/stm32f401_uart2.h,47411E5FFD5B5B4EF24EF1B3963595E6C3A5D82B7533924B997FF3F831192AAE,2283,696f7c8b6f46bd0df8b3e4f42524e27b4a2f3e6c,18ec274b156e3fc5b53095fe45f38243a520a2dc
firmware/Platform/STM32F401/Src/guardian_stm32f401_preflight.c,E40650E1C422B275920BDE99CCFDE97E3CFE2B30A9663CDA726767560459CABF,8279,a9946c1fb3ab99805264cda6225f54bf756b42ec,18ec274b156e3fc5b53095fe45f38243a520a2dc
firmware/Platform/STM32F401/Src/stm32f401_acquisition.c,6AB5E4E15118D2C242AAB56C8CD024ADC94869CD7E773A25C8A57844FE38431E,54760,2505cbafef5494ef6036dea275abd5cce984e12c,18ec274b156e3fc5b53095fe45f38243a520a2dc
firmware/Platform/STM32F401/Src/stm32f401_acquisition_irq.c,C7D3B9B621F4614562E6C27A6957038B5348CDC68152A34112087285A1E7807A,852,5d572f04d9eea6280cccb1f2db45256e9883c6ad,18ec274b156e3fc5b53095fe45f38243a520a2dc
firmware/Platform/STM32F401/Src/stm32f401_uart2.c,74058108BB6E655EF57A58AFBB5B2A13BAE0ECE5F95BAB9DFECBEBE3DC5FC74A,16121,208cf2f48b348fb3a991333a5be9ce0bb7901742,18ec274b156e3fc5b53095fe45f38243a520a2dc
firmware/Platform/STM32F401/Src/stm32f401_uart2_irq.c,F7FDB287043485E6B462C682167DD815556576CDDBEABBA75BA64CA3EAE5318C,334,3d2908fe1b8932b06adbdcb0beab96edc9d48ee2,18ec274b156e3fc5b53095fe45f38243a520a2dc
firmware/Platform/Src/guardian_embedded_link.c,38A15EB772F2DD359CED555DD943775B783B40D0FBE7064873A771FC04DD5BE8,50853,a5219a4c6e734d630b79a6e4619dc4894b3de848,18ec274b156e3fc5b53095fe45f38243a520a2dc
firmware/Protocol/Inc/guardian_parser.h,4F39E35A4E85CFF2A448F2C6E607082562278F484A34C6FC5920EA40C38B81BF,2725,4b286edf1c724cfe2f57f171df1b6af463933ca5,18ec274b156e3fc5b53095fe45f38243a520a2dc
firmware/Protocol/Inc/guardian_protocol.h,FE4E8142FA705F198DD947FC93433D5DA712CEA97808E6066F13151C8878D8E2,8516,e4fe657a16239b948f6f34b395f03c15c093fd37,18ec274b156e3fc5b53095fe45f38243a520a2dc
firmware/Protocol/Src/guardian_parser.c,73BE59ED21EE4AF56AA9AFDF5FA3948E7F96D113DCA732A2F9BF29BA0E6275B0,10105,c5bfab14c29236af007779c7ff1270238c591726,18ec274b156e3fc5b53095fe45f38243a520a2dc
firmware/Protocol/Src/guardian_protocol.c,7A7F409738FA4E69E457FF2C448B3BC96510596CF2567614384810101B36362A,15106,8d97ca2dcfc6b196bbf5c49187d535e8715015a3,18ec274b156e3fc5b53095fe45f38243a520a2dc
firmware/README.md,358AC2733B75CB2A4A69C121AB4B23AC9640C111269E922AE94D643A169C9C04,1020,2fe80640ae78d190ada35a81f2e3a9bf0b557878,18ec274b156e3fc5b53095fe45f38243a520a2dc
firmware/Security/Inc/guardian_crypto.h,48CD82445EDF640866E91D24644A4A0F3E7BFB3616A24529844EA12165445D0E,992,ace01101440969e02d50b19b99594714de8e2faf,18ec274b156e3fc5b53095fe45f38243a520a2dc
firmware/Security/Inc/guardian_security.h,86B832348D50BF3DA988DC7F0926928A45B698E5D07882676ACE44A04D4F121F,10361,af24cff25448f225c3631afb0560beda17bdcbf8,18ec274b156e3fc5b53095fe45f38243a520a2dc
firmware/Security/Src/guardian_crypto.c,6F0A7DC6498732D885095255960F5D59ABFF828B5C8E97CE576748AC1A1EBD79,18300,bcffa45e7605665ad185eafa372354ebf282e1d7,18ec274b156e3fc5b53095fe45f38243a520a2dc
firmware/Security/Src/guardian_security.c,9EF04604B9BF1DC5F1BE1A9FC0EE916EB0A7957DEBAC53E21D926878D03B98F1,49363,128bfb2477e18f358de1b994d87c00249f18c3fc,18ec274b156e3fc5b53095fe45f38243a520a2dc
firmware/Telemetry/Inc/guardian_telemetry.h,1BC2865ACD5EBEC31D471673672AF462225CD6AC40686E1B8C6ED1CB12756B94,2950,151d0ce3249315e9fb5709c0ab5a923ea36af1cc,18ec274b156e3fc5b53095fe45f38243a520a2dc
firmware/Telemetry/Src/guardian_telemetry.c,680781BFB7AE4D59471D0FA4DA6C1C9577363FE1D4E533353F0B7E44160FABFC,12663,fb4d5d0af7f2825493bdc5e4f9d20822ef4ad743,18ec274b156e3fc5b53095fe45f38243a520a2dc
firmware/Tests/CMSISStub/stm32f4xx.h,A39AA7A9CC2D2E5A888645D7414B09D980F3542225B238A279B54553D2E32B67,11010,08830dda2dc2590533ff2176ef100a4b3bfcdbb8,18ec274b156e3fc5b53095fe45f38243a520a2dc
firmware/Tests/acquisition_host_test.c,7A924F634B3B4155A5714D2291C5AFF65D6D5E63BFA265BF808EEA5E8373FA9C,16431,c7b124bf22aa5c8006d09f7e400fc1081614aace,18ec274b156e3fc5b53095fe45f38243a520a2dc
firmware/Tests/control_host_test.c,1B21BAC2E9BAD0A2062542BB9AB856DC4969184F953A6D4BB841D7AFAD1C7675,20137,72d4cc0ce51f84b7f8b38ca80cae8a5272a7b257,18ec274b156e3fc5b53095fe45f38243a520a2dc
firmware/Tests/control_link_host_test.c,27BB57658BE72E536133158D5E992BF9AAB5C562AE48379B1FC55ED2343AEE24,13323,edc97fe4eb09d6be46070cad2d7bdad670c485cc,18ec274b156e3fc5b53095fe45f38243a520a2dc
firmware/Tests/dsp_host_test.c,C231DE38084BEFB8D509A40AFA2402950062C156D01B83C39AB725D2936A2BD4,9756,72a831cf4e0564fb346e212d70a24beb30548450,18ec274b156e3fc5b53095fe45f38243a520a2dc
firmware/Tests/embedded_link_host_test.c,7A7FCC5DEB93959145B5BD082D5A4DFC963CF0B963C972DE0AE4610498767E47,10225,f8d46b49df2f4896b81620c749f0da83c35ab5d8,18ec274b156e3fc5b53095fe45f38243a520a2dc
firmware/Tests/firmware_lifecycle_host_test.c,DA7A7DE458DB628DA66DD44EBF6A0E8BA920ACF0B6D34BC212AACDEF28117EDE,20033,4524cb6d307dc2594f039b5f4b65a29b69450aef,18ec274b156e3fc5b53095fe45f38243a520a2dc
firmware/Tests/health_host_test.c,65ADBD28ADABC785F5FE86D2C00ABC1C204D923F275492BD5488CC2CBE969CE8,13212,0dd27fa9d7f58a092b34821e48686e816d5bf0da,18ec274b156e3fc5b53095fe45f38243a520a2dc
firmware/Tests/protocol_host_test.c,1F0BECE5EA2ABE7DBE8A6CC4F43B05D25E2A17B4DB73833CDF1628A73F10AF7E,7841,c19170e79cfb28392943fd96466939ea32029176,18ec274b156e3fc5b53095fe45f38243a520a2dc
firmware/Tests/security_host_test.c,DC6ADBBF84A950F7A9A7AB6A0496D433C3FABA1059799246C0ADE882A2102903,19155,2463528dae2116a1c6e08b11f0cb1444e5d7b70f,18ec274b156e3fc5b53095fe45f38243a520a2dc
firmware/Tests/security_link_host_test.c,6768ADF64A530B42DEA74EE4A5F78E0C130CA8A86799448D9C48A085D4AF96F0,19467,fe2f8cf91fb2facc2969b3b186a5b580fe306d93,18ec274b156e3fc5b53095fe45f38243a520a2dc
firmware/Tests/telemetry_host_test.c,15CB15AF66062E4D551618501863315C002141CBE16C1FE03C97FD7D433BC178,13849,dd45ce9dda128933f67be08f932adb703a32d560,18ec274b156e3fc5b53095fe45f38243a520a2dc
fuzz/README.md,F902D1FD9326DE26BD0D4E342E67BB456218D71DB4B15C9C3D4BB4AD58923736,1997,691376ad137727d1d578aa1aa3b47647e592a66e,18ec274b156e3fc5b53095fe45f38243a520a2dc
fuzz/c/parser_libfuzzer.c,E3168CCD0F61D34913E73670D656F82BAF6DFE22176C993E4AB4BF41FE7DE3EF,1694,75ca802cd3787d0420d4b6e87e68c1bfec2876e1,18ec274b156e3fc5b53095fe45f38243a520a2dc
fuzz/c/parser_mutation_driver.c,270A7F3978855AD278D8B3635C1D2360F168090424310BA2D6B25DEFCB5D042C,13103,d68cb084613f5a062b8b23ef62717bc4bc77c669,18ec274b156e3fc5b53095fe45f38243a520a2dc
fuzz/c/security_libfuzzer.c,DCDB433D54399967956EAAF9AD551DBF084955AB026CC9408EC5E9C01F57CE28,4208,bad9f28066f15f50aeca874e335f72b84b8146d0,18ec274b156e3fc5b53095fe45f38243a520a2dc
fuzz/c/security_mutation_driver.c,ECB0B6AD963EE356F77DCB4EACF8DCF0B01EC2533B7A8466BE664233FDB90750,18721,037de7ade45f959b32e46be8ed0bc8c0125bcddc,18ec274b156e3fc5b53095fe45f38243a520a2dc
fuzz/corpus/parser/noise-magic.bin,F1FE5C84436F09262F1C6890E8F7F5984CE4F3CB113F50BF334BE7418991355D,10,1e18cd43254ee66e9363b312698747813ff3018d,18ec274b156e3fc5b53095fe45f38243a520a2dc
fuzz/corpus/parser/oversize-header.bin,B25B32FB824BDD8C37CC29A59078FF476D324E8DFC1F0A67397AE2B7FB653D03,12,080373a3a4f52433043ab7b3579d371eccd31642,18ec274b156e3fc5b53095fe45f38243a520a2dc
fuzz/corpus/parser/ping.bin,3AB9CB558692E9F65F4E654BC85BCEE0DD7399A7027FFC0BD7F3DABA3A4042E3,16,f561fd6ab25272621e9bb750199d857c15a5d2a3,18ec274b156e3fc5b53095fe45f38243a520a2dc
fuzz/corpus/parser/status.bin,C1AD80B607C900D24A74449CB0BCF5E1513EEE4D693865BC6319B74E220F63A1,16,9d42ea656c22555beba15ddc831831b0a34e363e,18ec274b156e3fc5b53095fe45f38243a520a2dc
fuzz/corpus/security/malformed-prefix.bin,FE84F1175178F76FE475F0E9309BAC426C2CBE57AE0BE061CF9C91BB0A46BED2,17,9c30a5635124190d1ffb8acf8311b02d02fb13c8,18ec274b156e3fc5b53095fe45f38243a520a2dc
fuzz/corpus/security/truncated-secure.bin,6884DA28F137BB1A522473D5DB025DAABC4FA8EEC066F933479813D442169097,15,f36fb4be69c2ade3522e61283b72dc61370de057,18ec274b156e3fc5b53095fe45f38243a520a2dc
fuzz/corpus/security/valid-baseline-secure.bin,5CC5C284C3C4949D68E5A26355E766169FBFC2352F44B3D83070D9B31768802B,36,6c3df3263c79a4ba0d2f2183809609a37c9b09c9,18ec274b156e3fc5b53095fe45f38243a520a2dc
fuzz/python/guardian_robustness/__init__.py,0CC82B28E4DB50564732996A541696A2965F88DF0D1435F033E3DA3F26A80455,716,326a512dba48c12f855bda445d4138867433f3e3,18ec274b156e3fc5b53095fe45f38243a520a2dc
fuzz/python/guardian_robustness/campaign.py,4C142B347D4599D74326BC189AFDCF565C435FD588584E222E6297C1E132CCBF,22345,3d39003babd0802a781cdf621fa388e87d629a35,18ec274b156e3fc5b53095fe45f38243a520a2dc
fuzz/python/guardian_robustness/mutations.py,CBAB5BE5354E06D2070907263B580D8F38B44D3D3BF0601D3B59DB3AEDEB03E9,12475,c4c5943224c5955f54398a2144cdfb3d8e0dc38c,18ec274b156e3fc5b53095fe45f38243a520a2dc
fuzz/python/tests/test_campaign.py,47F1BD29ACE36FCDA505BDEFEA591879D0EE2B451DFDE544D243016D227E8523,2349,8dd04d566cfe8c9aeef76e5dd3c6a22268631fd0,18ec274b156e3fc5b53095fe45f38243a520a2dc
fuzz/python/tests/test_mutations.py,E23282BC40A1C799057CA629338907E5E4A8BC6A0E2D17A19E3FE6054831C12B,2548,e54029a90cde49f3070563264792dcff60b9554d,18ec274b156e3fc5b53095fe45f38243a520a2dc
governance/capability-register.json,FBB9E3F6EE5AC67DB653809310F6BB54B5E1366C4DD7A73366D330BBA1F313CE,54,5d6ea5751845f9e93bcf2411244f0a59eba4af7a,18ec274b156e3fc5b53095fe45f38243a520a2dc
governance/claims-register.json,FBDD5545B5808633AB056C68873DC9C9A17BB6E5DCC07EB11FBDE982AB1F31F1,48,cc35c3d31d9955401dbe41439ce8e0186aa2c688,18ec274b156e3fc5b53095fe45f38243a520a2dc
governance/decision-register.json,20255D5437CCD96F83237E51E02E44BEAA689FB47FF86BF3DDACF9D03F03D354,5408,ca7e4daf0f8cdeb1df3adebb4d077582b5edaefe,18ec274b156e3fc5b53095fe45f38243a520a2dc
governance/document-register.json,6BC85FFB5B1F188D05E61F5F30AA5EDA610046D853352E23FAEC829A30743D05,51,422b776e10d28b2fb42c161a623a15c24b9123d2,18ec274b156e3fc5b53095fe45f38243a520a2dc
governance/evidence-register.json,940BC0A1BA778FEE22335CB8E0FDC4E85D0F80DBB490790BEFF64805B5E9EF6D,50,df38e28f9a7a9eef42de951b77c2212e3ac5e5e1,18ec274b156e3fc5b53095fe45f38243a520a2dc
governance/project-state.json,6F630E0638D1F4808C756E4E9078BB7788C3D19B1A7F81A9637975765DFD235A,2193,bd396f866a5759a7367e7e6fb85328e7b3596e60,18ec274b156e3fc5b53095fe45f38243a520a2dc
governance/requirements-register.json,8F2155BAE130F6F4545726DA034A5DB3FCFDFFD722B9646814E83C405CF3AD3C,54,35ae6173740926b93b6b94dbfaf3d762e5f6304f,18ec274b156e3fc5b53095fe45f38243a520a2dc
governance/requirements.lock,7C1E8455A080D586A9386B3E6F91F7D9A2FD3BCF833A5AE812ABE60C36B1AA97,646,49960ca45ef06bf719d12cf5badf0b4048e55860,18ec274b156e3fc5b53095fe45f38243a520a2dc
governance/schemas/capability-register.schema.json,6E4AA21708589B585BE22A0B1942739E4BBD41FB2AF81B80A9039A1472D9AB0F,1106,f8f83e96106d7f3a265364ab0d9248a83dbbfeac,18ec274b156e3fc5b53095fe45f38243a520a2dc
governance/schemas/claims-register.schema.json,BDD066B135DB0280F97B8B1D5FDCD166C5D6DEADCA21DE4B4CF90CA0737865DA,1083,3fd7ef280df98a33118be1059ed6c42a73d6f653,18ec274b156e3fc5b53095fe45f38243a520a2dc
governance/schemas/decision-register.schema.json,9036ECCF205C1A8791D467BDF5FD8E566B396D935A1E93E623F3E02A3C9EF575,3482,1c13aca2d8e8874156326ff9a13e29a66862c421,18ec274b156e3fc5b53095fe45f38243a520a2dc
governance/schemas/document-register.schema.json,887EAEEA67122E7689DE11BD47253BA54EF3AF7ED800117212CEDC2D172A1591,1044,32ed6de70be5c42aab4d5b80733c5f69005ef733,18ec274b156e3fc5b53095fe45f38243a520a2dc
governance/schemas/evidence-register.schema.json,172442E8ACFDF8022CA9409A641EC7467BCB2DC47EE3BDC0B451DC82F2CC40D6,1227,b7e17d6d50520fabe9ec021b1ea529f6373fbab3,18ec274b156e3fc5b53095fe45f38243a520a2dc
governance/schemas/project-state.schema.json,04CD14693A4DFB3952EB08BCE9190642476C5D98B10AFCD2DFDC5786558C3FDC,1372,86379750c2a922c6a33001cb3c44a8843c993236,18ec274b156e3fc5b53095fe45f38243a520a2dc
governance/schemas/requirements-register.schema.json,470FEA09AAEF79483CD9289348FFE49EEDD7160782396E9899FEB2BB9332ED8D,1122,3d08ac9cbfe99f5d21bea7d3e577c9bed561911a,18ec274b156e3fc5b53095fe45f38243a520a2dc
governance/semantic/m15-semantic-registry.json,42FB25C60F73E0E89C6CF6E17C3E0F0C8A36D62CB89C806734B2750E139D7502,2639,f9f69c7a5d3cf5f26bf4af3102f15607a88d6f05,18ec274b156e3fc5b53095fe45f38243a520a2dc
protocol/commands.md,88564A192756DF90A9CF72CDD25071CBE1985BE0DED39B2060CEFCC8966E8F85,14140,4300a2e92c67698038cde806eb524f93e1f33a82,18ec274b156e3fc5b53095fe45f38243a520a2dc
protocol/python/guardian_protocol/__init__.py,B7907464EF1590607828C38D86540E33750BB95CAA13076E41A4C23370FEBCD9,7183,b66e580d4effbf7a1c9885586e6b687b2bcf136d,18ec274b156e3fc5b53095fe45f38243a520a2dc
protocol/python/guardian_protocol/constants.py,D289C295AB29F77DCDC443A71C7282ACE079DA0F86770C81CA1DEC4669D1D129,661,605cab7aae756ff8419aca684567d7970091930e,18ec274b156e3fc5b53095fe45f38243a520a2dc
protocol/python/guardian_protocol/control.py,D2B4E5788A040041536A10BF7EE64D8563CB34736D59045CD83647F6A6C5841A,15107,d0cda94ef8f783c6ae7ac9d24511e5a598590127,18ec274b156e3fc5b53095fe45f38243a520a2dc
protocol/python/guardian_protocol/crc.py,ACAF334D345F4ADF4F3DCA11B1EA50C23F5873E4D62B09DFCAB58DD964BFDD26,1310,91f25e18b98424b75c22bae7bd28221549764038,18ec274b156e3fc5b53095fe45f38243a520a2dc
protocol/python/guardian_protocol/dsp.py,4F61A7441378BF502A7EFF5B5D19FF72A2EDAFBAB8E68486ABB3A3613F74BE6F,6975,23e144a369793d4030618358e356cfb240ca3a5a,18ec274b156e3fc5b53095fe45f38243a520a2dc
protocol/python/guardian_protocol/enums.py,84507534BD2ECE218025162C646A312B9FD88F1F68EF89EB9D193F32363B00B3,4762,4ad15554cd1ec10b72555031b7b19dc66d03971d,18ec274b156e3fc5b53095fe45f38243a520a2dc
protocol/python/guardian_protocol/firmware.py,C756DE97C2B3D9B0CC6C335CEF79569530716CE8D10C35223FA6552B4F07384A,28370,36a8a1987951335dfd727f860424ae1898f39a14,18ec274b156e3fc5b53095fe45f38243a520a2dc
protocol/python/guardian_protocol/frame.py,7AF94F8E0892009BF90669BEF72D2EE2D5CAD807D77E9E2AE800795EFC79504D,8409,baf63220e6928deca434ca0e9bcc516209190060,18ec274b156e3fc5b53095fe45f38243a520a2dc
protocol/python/guardian_protocol/health.py,421725CC97B7C87492E1D7F2D73BF33F8B86224D37032FD3B01A40037CF9459C,12350,2289b87da43a4593b49e0127dd21dea53e4f049f,18ec274b156e3fc5b53095fe45f38243a520a2dc
protocol/python/guardian_protocol/parser.py,F097FD55B500F8E30EADD33CD9D787F58498662C8877E2C92F3C80C683099701,6350,77e7927869f3ee5006135a49779d79614a17b915,18ec274b156e3fc5b53095fe45f38243a520a2dc
protocol/python/guardian_protocol/payloads.py,9B11EB8C050A1A08755C29DEE99A79EE63C53D754E33338124026941546779D2,10538,ca724b45de42bbe96a5d8bbb85952176eaaa1da8,18ec274b156e3fc5b53095fe45f38243a520a2dc
protocol/python/guardian_protocol/security.py,ABA988EAE89E5C76969D1D24D381A5F7AB783BF58E9E29D098D966F007DF6F05,31573,94a7d6d0a3270c6048da034ce062ce39a7448515,18ec274b156e3fc5b53095fe45f38243a520a2dc
protocol/python/guardian_protocol/telemetry.py,B266FB2E67ACB906D59B8C35BCB1C31A0C13F03516709C7AA59765F8052F05F1,9122,c6e688cae761984c541ee1a216b975e5151d64a9,18ec274b156e3fc5b53095fe45f38243a520a2dc
protocol/python/tests/test_control.py,A4EF91AAA8F0EA74393F2E437A7B16AFA086C021D088D26F8918521C63507979,4014,aa4f4a14f03583a8054f50d0b611cef4ab0caab2,18ec274b156e3fc5b53095fe45f38243a520a2dc
protocol/python/tests/test_dsp.py,9733935F84A6ED23C1E627CCC502BEB95ACD40540AC94A91EA45C859983DDC87,2478,788c73a9220a52a72d2e79261101d8ac961a4ff1,18ec274b156e3fc5b53095fe45f38243a520a2dc
protocol/python/tests/test_firmware.py,02CA0EDB7D45CF46AF1B47F4AB3BD194D571407AEBC3B59765260EE284F0CF24,5828,54da3cd47e4e20b8731c974609ef3da12b694ceb,18ec274b156e3fc5b53095fe45f38243a520a2dc
protocol/python/tests/test_frame.py,8ABB333680653F1322E3B8B15FC0D526E0D3907B164DF86D8E319396878D5B55,5070,3a334b1cd6202676c228d88187b690b55189e5b3,18ec274b156e3fc5b53095fe45f38243a520a2dc
protocol/python/tests/test_health.py,42BA825E5311EC653D065B38CCE48E113EAD53D4FC26C29937F6C13F65A20E1F,4063,b56dfe4b601c69ee6215ea03031d9f95c8738aa2,18ec274b156e3fc5b53095fe45f38243a520a2dc
protocol/python/tests/test_parser.py,67D276F3C176DFBA1522766151556F5B3B619DD12AF7469CEDA49C40D563D670,5966,da9fe2dca7f1315ac59d7f89dd27e418050dc35b,18ec274b156e3fc5b53095fe45f38243a520a2dc
protocol/python/tests/test_payloads.py,25FE1013C6BCEBB0038E7E93820445646376C30C3439BB76AD54E37400AF2975,3496,c1579b4951537658165405811d4adb29e9c97ddf,18ec274b156e3fc5b53095fe45f38243a520a2dc
protocol/python/tests/test_security.py,F45000FD15DB73E256E59EF960277C186BBB966EA2E25541E2FDE33D4615C4BE,6600,a62c128b409bb5fffe1c6130b99e0ecaa9f34cba,18ec274b156e3fc5b53095fe45f38243a520a2dc
protocol/python/tests/test_telemetry.py,C9B1AEA973B2BBCA92A50EA1B3DD5E4C4931639AB95F20D66BDF7D5C3FB19917,3488,935bbce784c66858e2dd7b27d6f227a6cf37b471,18ec274b156e3fc5b53095fe45f38243a520a2dc
protocol/specification.md,7B225AD8A846A0A56E3A17E0269579F26DAB5F836112F115934E7B7E79DECA20,5491,59eb5391a3877f82c86bd6e238fc1b4a29dd0f26,18ec274b156e3fc5b53095fe45f38243a520a2dc
release-evidence/guardian-f401.hex,C113A9E5FAE2D9881AF67C541AB8AC5DB16134BECAD5267A2F4386A72D4BA0A8,98592,5a6cd3e4d7aebd176863233d2d5a4a165ab0f3b6,18ec274b156e3fc5b53095fe45f38243a520a2dc
release-evidence/keil-build.log,AF5728A8D3A223656C3D7FB7CC0EA9EA8FBEE30B89943DBB2B8252D51D3BB79B,3210,013682f48543d9c7d3d092096dd063a2e22e40c7,18ec274b156e3fc5b53095fe45f38243a520a2dc
release-evidence/prezenodo-preparation-report.json,502C61E5A3D522722E8917BB43917C26EE40D86DEE2B2286989FFCC738D402E8,1566,337c7b8335fc955ea9e2070b99a5a49bdde42a57,18ec274b156e3fc5b53095fe45f38243a520a2dc
release-evidence/release-file-sha256.csv,C0AE441A1E657F8C23320487A6AAAAB65E098FD9F80D5F4CBD85A08B998749A3,24853,531749f1c917f4c1b4a0885632f8887b078f6185,18ec274b156e3fc5b53095fe45f38243a520a2dc
simulator/README.md,395D8C03E78B3E24F451498497B27F8B6A88EA3D3605CACB874EE4B09CD593F4,1070,674eb450519b71c35e4f0046fd3d6287c39d8553,18ec274b156e3fc5b53095fe45f38243a520a2dc
simulator/src/guardian_sim/__init__.py,78909B788BAEFE56E901366E4557397CEA0A9E5168417FE73595CC749638DAAA,1072,0ec03f384857ca0cb77be24023c97d956d052c1a,18ec274b156e3fc5b53095fe45f38243a520a2dc
simulator/src/guardian_sim/__main__.py,B90672EEDA7062EAD289C392384B2642E9A2CE7F25CFE09C886AA5AC0E78977D,2840,9fd806ed8d80faafac90b4c71fb4bc3b7b580825,18ec274b156e3fc5b53095fe45f38243a520a2dc
simulator/src/guardian_sim/config.py,DA726F61A32C0B2F81246B2263F61325523675EC6D738BF1EE7208A28F559DFC,5931,69b0b7470843453c4e00abd2369e32f60efa5e57,18ec274b156e3fc5b53095fe45f38243a520a2dc
simulator/src/guardian_sim/control.py,238F30CC1B752904E28188AEBA4D6EB369E94517332C23E46DA19E292F6A4E2F,15254,7bc3d8771dced21521c1166ce23c58500218b4a8,18ec274b156e3fc5b53095fe45f38243a520a2dc
simulator/src/guardian_sim/device.py,24A05EB51E88CC1CBB504566E20DC8E1FC5B5BCC8F009AAD0C574B6AF87FC44D,49318,acd1768bc094c075cebf7095f5fe60940ab4a036,18ec274b156e3fc5b53095fe45f38243a520a2dc
simulator/src/guardian_sim/firmware.py,7DD5CF2014AECA38C69A463EF7A8A9F9C0B8B03591B610CDB2A35DBD33935E5E,13881,21413d9637dd278cf3df3831f4c1748c9e5edf1f,18ec274b156e3fc5b53095fe45f38243a520a2dc
simulator/src/guardian_sim/health.py,49398292F91ACD0FBDA0B49FF58E2B7F3D14C787D86A26320F6481F0D0CE1A16,14819,5f37c716e39e9e0de929beb209f68a965dd68db8,18ec274b156e3fc5b53095fe45f38243a520a2dc
simulator/src/guardian_sim/security.py,B9A4C249D55450844E0A654CAF02BF5B0538C4458C565773689BCFD6E4DE7A6B,17011,145deaf0f72b4282ad63af93556eacc3644bd64e,18ec274b156e3fc5b53095fe45f38243a520a2dc
simulator/src/guardian_sim/server.py,B7350D5FA2F70302DC840989A506F1AB942E78CCBD509F4662EDD4FEF29E28CD,8080,8205e03702dd4eb69909f7ab7ba4c25be74907e5,18ec274b156e3fc5b53095fe45f38243a520a2dc
simulator/tests/test_control.py,2F0CBC225B960910FD06C944FF58106A731E9338325BFAC43B78EE7A43303BCB,10344,b1e2a7f6e2ef3b658160013f28a1060c2fdd2c93,18ec274b156e3fc5b53095fe45f38243a520a2dc
simulator/tests/test_device.py,B46AE804DFEE1F0DC11584E86E58A843251C131E1102F9461FFC7621B3545845,6680,de0ec384e2f04a54c9ab17e7a9aae858f10995ec,18ec274b156e3fc5b53095fe45f38243a520a2dc
simulator/tests/test_firmware.py,3278FB5D6A8151A393036DD0ED2C3075CC14D20045E4989A6820FA0210C8D1CE,8776,55b51bdd8ec50d3e76f601e3a0a1d5765812aef3,18ec274b156e3fc5b53095fe45f38243a520a2dc
simulator/tests/test_health.py,29D3B21F46083AF6257AD7191C669BCDCC0EA61CC3779A334365DEAC348837D4,4812,1b94f0be489eb5f66322aa4ccbc158be291ab0eb,18ec274b156e3fc5b53095fe45f38243a520a2dc
simulator/tests/test_security.py,650AD61FEF06C909D1D0DCF4C7D097B546EB954AE6CB36258EF8C9E50B6A7EBD,10185,ebaef3b1e461ca4d940fdd86dee1543fe035fc58,18ec274b156e3fc5b53095fe45f38243a520a2dc
simulator/tests/test_server.py,D17DEFBA0FD778E5634BF83F69E40F533A7A6735365898D42D84B7A560297EEE,6557,a9bd9c2b732e766db307a0282785ded6b0042975,18ec274b156e3fc5b53095fe45f38243a520a2dc
simulator/tests/test_telemetry.py,B95F029504E1675AA2E3FC0CDF548BAF80A114DF1487317C8E46D32CD6393B3A,3957,4f6bb8ba95dedd2ceaaebb2eefc9245fa0b0f8cf,18ec274b156e3fc5b53095fe45f38243a520a2dc
tests/governance_tooling/test_adversarial.py,22A4A1FB9C9BC6F54C08AC44C39A8F33768D42E760E123456086C0851CFF2DF2,725,f00cea8e752acc9ce120d587a16afc4454301eb6,18ec274b156e3fc5b53095fe45f38243a520a2dc
tests/governance_tooling/test_artifacts.py,3915835731D31F0592914BDA8934C03DDCFB673EDF2C83CE51756CEBDEE9C172,622,5908664fa883227b4c61f6ebd36294e92fa02662,18ec274b156e3fc5b53095fe45f38243a520a2dc
tests/governance_tooling/test_authority.py,3B029FAD83BC3B6F5FF1D5703442AF9B6F74778C5241AE99E63ADC93B2F30883,388,bee6461af7c6587a5d7de99261c4b064a8fa2a73,18ec274b156e3fc5b53095fe45f38243a520a2dc
tests/governance_tooling/test_candidate.py,A589EBE621B9E0C16BACF8E765458E1CE9EB5129F21FEC6F435241D4778918AD,2644,41617ba2f19e8c28d9266f43d7adb92f0e50a38a,18ec274b156e3fc5b53095fe45f38243a520a2dc
tests/governance_tooling/test_cli_evidence.py,07EED3333745793565785ADBA42D85120E543C48FA03061E8DF0CCB1A840DF8D,1965,f0b61c602697f3942a4094ddf8175e01bf32efe4,18ec274b156e3fc5b53095fe45f38243a520a2dc
tests/governance_tooling/test_cli_semantic.py,C973118BD1E18949AEA05653EEC5BE64278E0B54EEAF6273092921CC295B4550,1314,32e0f3395f1b9436dc32cd76779331a13e6c892e,18ec274b156e3fc5b53095fe45f38243a520a2dc
tests/governance_tooling/test_cli_semantics.py,F7BC43337F9E45F6420D529B2BC5FB436AA7B2BAE5DBB8324DD5EDB2512C5A7B,1810,9f1d83643c1f3fb1f5cf869c53df97fd201e8cc8,18ec274b156e3fc5b53095fe45f38243a520a2dc
tests/governance_tooling/test_controls.py,70E71EB132F5FD90087AAAC8B0E3488F3D556FB4EBC754BCE0D36084B4AAAE70,516,8e538610884e3a2d3016294297ba680c249458de,18ec274b156e3fc5b53095fe45f38243a520a2dc
tests/governance_tooling/test_evidence_manifest.py,674EA218D74CE2B97A9AF19DE960CB338F1CED005F8E5802595133E6F24A247A,4077,46f1b0a8a9bff87e6be764c2663d935864c6d5e0,18ec274b156e3fc5b53095fe45f38243a520a2dc
tests/governance_tooling/test_gates.py,8977360139084AA29452727F5DC4FBC7993A204E9600B7910C89311056D4B50F,2806,abfbdfafb84354dc6917fd161c9709844d470c1f,18ec274b156e3fc5b53095fe45f38243a520a2dc
tests/governance_tooling/test_integration.py,D0A9703C33F964608B181FC93FCFB689E5530E1F57FE20F9C8210108396FCB03,4121,7e2120f9be6e57e3d8ad802a23c8cd64b5c547e9,18ec274b156e3fc5b53095fe45f38243a520a2dc
tests/governance_tooling/test_repository.py,C65E39447A3BACBCA852511522E1488096A90B9DE69206AC95FE9C0D380E7EF2,1186,00c7045062f4eb993fa17432c9acd220a0f46227,18ec274b156e3fc5b53095fe45f38243a520a2dc
tests/governance_tooling/test_repository_index_blob.py,86B7C6B86EC3065FCD147D765BACBADFA563D1293BF6A2D5E2795F261540D489,728,cd5c6b93a7d6d5e2a393954888145c607ffb4eb6,18ec274b156e3fc5b53095fe45f38243a520a2dc
tests/governance_tooling/test_result.py,F4FD71CEAEF7510FD1D074988B3FF45D869EAFBB7E317109B0E8CE73D7277774,575,c2ae297ad83c42f7b976804c29f4a7a33f03a13c,18ec274b156e3fc5b53095fe45f38243a520a2dc
tests/governance_tooling/test_semantic.py,A12955ACB17B697CFA926B2665DED8D3073F5E2465A237DC8AFFF7AFA5009741,4489,f7f7594a2e5c3078afa8506ef4026d585bc19f4c,18ec274b156e3fc5b53095fe45f38243a520a2dc
tests/governance_tooling/test_semantic_ci_contract.py,F4F76B6640D0BCD2407438F1D23433472A551439E34598F1DEA5541B02DC365E,2484,0be0d80174b55061dc78b85af11e341c91e414b0,18ec274b156e3fc5b53095fe45f38243a520a2dc
tests/integration/.gitkeep,E3B0C44298FC1C149AFBF4C8996FB92427AE41E4649B934CA495991B7852B855,0,e69de29bb2d1d6434b8b29ae775ad8c2e48c5391,18ec274b156e3fc5b53095fe45f38243a520a2dc
tools/build_firmware_package.py,BD8C1A1C2897BBF11F44E4A4FF7B74183CE67471E1FF02CA92E6CB93121D9746,14465,a44befa7dbfc6768fc15831f6328e61189471a5d,18ec274b156e3fc5b53095fe45f38243a520a2dc
tools/governance_tooling/__init__.py,E084005921D8DDB6EB0968B281EA81823D6C7741D24FEA51F4C5A6255D9AA8BB,221,4df2d7bbe4bbceb99387958dfcd0f0331792d396,18ec274b156e3fc5b53095fe45f38243a520a2dc
tools/governance_tooling/__main__.py,4BA15DA101940E0D0059DAF89B19CF80A190A08F5D9920BB94F8E4CAB14647CE,107,fe9f88cb53caedcfd7b9b9cd652a83a1a8bf86a2,18ec274b156e3fc5b53095fe45f38243a520a2dc
tools/governance_tooling/artifacts.py,AD0EA8BA806BB66D9543B5526E072E361DC5341886BA5F2527FE7C7B690CB502,429,95b23a70cd14f6c11a99d17c07348265e780536b,18ec274b156e3fc5b53095fe45f38243a520a2dc
tools/governance_tooling/authority.py,D29FC339532A4BAC74F8B534D7BF57114C10ABE6A8CD68D6E043A928FA685B8D,266,dd8750ccee9ddac73891ca89aeb0f0460e8a8f56,18ec274b156e3fc5b53095fe45f38243a520a2dc
tools/governance_tooling/candidate.py,31B432BAC26214FA0E7D4B8D49260DC02B9B0C7BECF5FB9AE9F210C090F0638F,3589,87aca64d3ea6abd09cffeb792ac85f6a01f93f80,18ec274b156e3fc5b53095fe45f38243a520a2dc
tools/governance_tooling/cli.py,00FC49E4D77DAA994C8961BA39EE8541B0E3BA5B531AD886F84ADB53B0B83D27,8615,0a923187b9585ab7dae6837692fd421c76275ae3,18ec274b156e3fc5b53095fe45f38243a520a2dc
tools/governance_tooling/controls.py,C5812F459192FEEF078DD658EB18E309FCA6915329F51A0338C3E370BB530852,1207,12ea92a7809b0cdd05562abf2aaa8533597f3a30,18ec274b156e3fc5b53095fe45f38243a520a2dc
tools/governance_tooling/errors.py,B497FD4538D5DD1A3757E336DFA35D797CF377F6B4455E139C0491432E88EB3F,519,135333b994755a41fd4382e8990c392bad71018b,18ec274b156e3fc5b53095fe45f38243a520a2dc
tools/governance_tooling/evidence.py,77131C138392C17E06FF388200627CE8934C0BE21EF22D4CEA0D3E08464D1391,233,e5d1967a1d1bf15983f6fd3b014fb885934f484a,18ec274b156e3fc5b53095fe45f38243a520a2dc
tools/governance_tooling/evidence_manifest.py,11BE25079DAA990F38B1E06F1E44F377831A14B2456A5C3E8823AD5B72CAA518,7291,2e3848af137a0f30b617164744508dbcfc5cb5fb,18ec274b156e3fc5b53095fe45f38243a520a2dc
tools/governance_tooling/gates.py,3FAFB0F9D9A2B4473322D30A1CD67A75F6B06F98AACCDF64E213B7034BF6A7E7,5435,f0ec0f57f3e0d440da34a36d2101740d425f2a34,18ec274b156e3fc5b53095fe45f38243a520a2dc
tools/governance_tooling/integration.py,A7D9643AC13B1049CF829D88EEBF0F9F9C3FD5BE34B4B2CA205D431F0DE9F86D,4432,f77b30b93c350317ab6d2309a5946b5b593b94d0,18ec274b156e3fc5b53095fe45f38243a520a2dc
tools/governance_tooling/repository.py,C186BFA542785BA8E2D4CE49ED09F98779EBEF19CC723D95BCB40AEE95F9B83F,4484,3778a7295b3887d0104f11f65d691b2262bf142d,18ec274b156e3fc5b53095fe45f38243a520a2dc
tools/governance_tooling/result.py,E7EB71A86F6137014114D3221C90703B0E610A5A755A50310411C1A2700E1576,2046,be11e2cb87a3c5bca48ceb6bfe03c62292592475,18ec274b156e3fc5b53095fe45f38243a520a2dc
tools/governance_tooling/semantic.py,5F59DDA830261192A538C8700779A502BF709D81EC30A2B1972C367951D227D3,10344,df0a3e2a038d66c6a241849ab0cb62d7f1f06bd3,18ec274b156e3fc5b53095fe45f38243a520a2dc
tools/guardianctl.py,EDE8E3BC62F58B652652EE833BE16561BF099CF16A3F88D073989EE7F38A228A,1155,3fe82995214c06f0fbc626379be87168444531e4,18ec274b156e3fc5b53095fe45f38243a520a2dc
tools/hardware_validation.py,BD7D7A657974E3A9409BC5D77CB5A1B11E7C36602AB501409F545C8C13A4EF05,5695,0262dc14dfa562c55b0443acc2e87d712bf5f42e,18ec274b156e3fc5b53095fe45f38243a520a2dc
tools/run_robustness.py,5E21708C941A2E5697F824E33B14EB1B7AD227FCF15EC29571E92BE1CDC247CF,4106,b513688c4b3b511e2ae272b7d2844bc46cf92a20,18ec274b156e3fc5b53095fe45f38243a520a2dc
tools/run_simulator.py,71FF84DF8B966442B3A338E859B31639CDC62C21B44F01728E6D153C0E3AF72A,1175,51146fa5aa06317d8c936dc90eb645caaf5a483b,18ec274b156e3fc5b53095fe45f38243a520a2dc
tools/validate_authority_boundary.py,C08217A8D12F5DB326C28F2E46ED873D02BE137DFFDDF79CC3DFEE3083CF58B5,13856,f26d781c7d15efa4aed760679395b83cc4938433,18ec274b156e3fc5b53095fe45f38243a520a2dc
tools/validate_keil_manifest.py,9B41130A742022E9BA4A2E6533DEB884BEA90A1BFD763B7A3C519E0724E48C20,10488,f0924b9bebdd4f4db846d632a8f9c9123a831907,18ec274b156e3fc5b53095fe45f38243a520a2dc
