"RelativePath","SHA256","Bytes"
".gitattributes","D9FC0DEE3327CB250550AC61434D691B6A5130AB1B39E650B01C66945DFA6F3F","735"
".github\workflows\console-tests.yml","5A9C416B68AC312CF4BD95A274B261FE1AC52D7B0EBB3C6F507875445BEC2215","1758"
".github\workflows\firmware-lifecycle-tests.yml","8F9BE8472184F0D924FF448BA5F456B2DB62D76ED0D36211AFC1599701E46EE0","2649"
".github\workflows\firmware-middleware-tests.yml","DA8C4CB11546DB04100030F5C65BE911209899933F5EBB4946D84C15F58C45C8","9817"
".github\workflows\protocol-tests.yml","2A88E542E58F2632E607CA2D1E6EFA20B1946B0691EE18598255ACACE0DA294F","3082"
".github\workflows\robustness-tests.yml","97B3502272DCD9A71AB032BC36E8CBE26943F77E4ABA579195872266D87BC157","4616"
".github\workflows\simulator-tests.yml","EE2D8DDF7B4E59600096F57FF4F90DCE09E94BCE28AF6D94A403B61E8D58898A","2024"
".github\workflows\stm32f401-hardware-contract.yml","ED554DF78F3AE5A871C2EE381C9FA84D782E745CF149A70DB9D672F4A4B2A0DF","5476"
".gitignore","FCF28B4BF18AC4E14616BD2C951BDDC3BABD06A589441FB00D39B3D7BEF4DED9","246"
"CHANGELOG.md","B1A12E143E79DA5AFB86D0BAA52737C1440707B468425D9808F17FD5AAB2EF47","1943"
"CITATION.cff","EF7FE3F7512A71F8822363D550BF71D5087ECA3FE4D7D8E8ED7F78717482E892","1384"
"console\README.md","07496BF3C42F54D8D9CBFEFB277304B23A2837615301C9BBBFB47FDB05317ACD","813"
"console\requirements-serial.txt","95FDAD543F34E4A191CD17219E1A73B4AB4B0B5AD9806A25C3B49E7B48AB8CA0","17"
"console\src\guardianctl\__init__.py","4590AB43D6DF2A9E85E4809F7C1BE9D984825673F98F21F832D1850211D72BC9","1452"
"console\src\guardianctl\__main__.py","A116D2AA6DCBEFB9DE5CF099F180C6210193E4A6730FE72F33299476209DEB56","337"
"console\src\guardianctl\cli.py","90CADC353C65394BF23E0B700A316D9FCA30B1444F35B107A5CD6F350A28F400","26504"
"console\src\guardianctl\client.py","0F1E3D755C85ED98F85404199AF4283321AD8CAA9068F0A407216E32805DBD0C","17532"
"console\src\guardianctl\config.py","F39EAA343D949925089DDA33EC75552403359C15EE7CB4E7AE995827EC6BEED4","4917"
"console\src\guardianctl\errors.py","FD2AB4D2E25A8B8A725D4F2ED59F225C46101A383DFE489C5CBF9EA65C79AC8D","2036"
"console\src\guardianctl\hardware_validation.py","4AC85BECE9822A3020B83D7FBFEEA616D83D66CFCABD8A74BBBF97E713168768","14481"
"console\src\guardianctl\presentation.py","B456EC1531DAA06D66BF8637E5268E178946E7C328D28D381BF5A7D61508D14C","22683"
"console\src\guardianctl\security_client.py","5549CA00C98C0FF889FE722ECB38B364A36C3896F7CF11F55E91BA7541B73394","13553"
"console\src\guardianctl\sequence.py","697DD2FA213947C00687ECF53093D34094DB5C87BFC9658A1A940B0781977E34","1742"
"console\src\guardianctl\serial_transport.py","9D40D7B208559631A9136FB5D32AC7D4775163ED0E8B9915257D4A0340F424FB","6861"
"console\src\guardianctl\telemetry_client.py","9FEDDAAFCBE2F6E61AD4775384DA3FFB4F1EE4876D3C77DAA784D34B3B7FB809","23870"
"console\src\guardianctl\transport.py","65754F266270A21FDA3270908E2ED504A688A5FBF5C2F4DB9D853C8BDA8A8227","7126"
"console\tests\test_cli.py","1A2C5F8F5BD7719F05F050AF79D7502FF7C62C0B0DAF9CEDD81E2451E4286257","4673"
"console\tests\test_cli_control.py","C39C4D8490BC03AF760CC460E97D51B77136CE6A3C58C4E0715995CE57896236","4916"
"console\tests\test_cli_firmware.py","9FAF476041F9785E6BBAAC3C3FA4C34B2CFBF2B239DBA23523A04C6452A11C9C","6463"
"console\tests\test_cli_health.py","0F61C7A634CEDF329B0A7A83392AC6D7435317DE41277866469D96425CB3EE26","4477"
"console\tests\test_cli_security.py","D2285B81CC1BAF30CC76C3323E632A2065BEB42260A5330796C0F53C2D335B44","4832"
"console\tests\test_cli_telemetry.py","64FCD95EB1E0F1B81D759FE17F2737AFF637C3B1E520BE06792574109B53B54B","3795"
"console\tests\test_control_client.py","850F28654ACB8B23DF648D749A1A047E11823D1A6BEE4A210A4B32197A6524BC","3851"
"console\tests\test_dsp_client.py","36FE7BCB1435BA50717F144BA05B2BE3C5F01272CD20E0F7A6CAE41C7B0BEEBB","2913"
"console\tests\test_firmware_client.py","6EA835375CE5A1AEFD9B0F66358C560180CC7C076F814DE3B63A335AD63E0A80","5884"
"console\tests\test_hardware_validation.py","20ED81835BE8E059FB32D2A703E7F4DDAF057E21A0450CE239A9E2785AEA1FDC","8984"
"console\tests\test_health_client.py","349F3A8B3181DDDB3AAB7D8DB669A6CA49F7A0A94D4BD04BD6469A9E65938D74","4225"
"console\tests\test_presentation.py","8E54DAE9F4E63CD853149FE0B6381132B6FCA2DE5833C073B57C2BA68DE79A87","2850"
"console\tests\test_security_client.py","40656CD46F98711BC16AEF0071AB5D282CF2A48C0FC34CA50B8448BBB1758C4E","5768"
"console\tests\test_sequence.py","67B1D031479540EE8941F665D804CCCAB8FAF4E04B0A1B11524B4AD811E58D8B","1844"
"console\tests\test_serial_transport.py","AB582AEAA4E41286DA3A71B9A961C90093494BC66C5AC99605B5496AC357C530","4369"
"console\tests\test_telemetry_client.py","ED3C4F798025542F9EBBD476E311851E46BE85D23D78214F0F5F132B043A8DE8","3859"
"console\tests\test_telemetry_serial.py","9D93E7149E5F39E6EA569A71A51BFC8C69FAEB74C84ADC3DC2123E40866F15D9","5078"
"console\tests\test_transport.py","E1C208AA6FCC3F212C5AC147DC9D88601FA86C2EE986E7B8EE47FA49E2990B1E","5383"
"COPYRIGHT","6081458ACF3BEC8B55189EDA36C1A2951BB6E2C4A90A1CF10F6C3919C7078738","815"
"docs\architecture.md","0E7DF7279DC8BDB1E8B49DA6086B2DE31C113B61A7B73791D889C49AD3086125","686"
"docs\m10-security.md","F85DF22677FC30179D3670305E1384ACC7A8F9D73C3A23F34AD29DC263328933","5811"
"docs\m11-robustness.md","08EAA7950CC253EAA3D38DE17A8EFC8BBF9102DA9DFAAB418A7EC970C8BCE75D","6600"
"docs\m12-firmware-lifecycle.md","C9E48BE37E15E0D6C240607216F34245E1CB58CF2E0272A00DA56771A55048FE","7154"
"docs\m13-hardware-validation.md","7998E07839CAA2B1509FC4D5CFC232C243A3309DF24B6F31549F337BC1E5B610","10410"
"docs\m1-protocol.md","092423A4514CD3A2EB2779BC88FA3A07DAFF5AA9F976A3D76232503B97E7D395","1032"
"docs\m2-simulator.md","D821B63AE992192427615E677538D22C70FD39450867C29FAD638C26383A506F","1378"
"docs\m3-guardianctl.md","57A124D0F368DB1D3EACF801712B9E933F2E935E1098C49F8255E39F98A802F8","1717"
"docs\m4-stm32-uart.md","36A7770542FEB537B3B37AA5E89C8B791B1F74072771CC0C6E07F09D129067B8","4064"
"docs\m5-telemetry.md","F83557033A36D32AA70900CE48C901F9A6BFE6856F386CC846ED3AC45F511582","2891"
"docs\m6-acquisition.md","A5797D418D7A7B1118A52A66B1597F68ACDFF3E8486F39E8AFE163C92329DE3E","8259"
"docs\m7-dsp.md","11D1DDC4B581BA42412977E7A8A37F1CE854E26FFC74A505798274B37C02CFCB","1496"
"docs\m8-health.md","830CCAA26619E8B4F80EEA06A6075A80EA5BA79C87ADEF22A4E30C0D8FAC9D68","5270"
"docs\m9-control.md","69B6E65D3DF3769AAF230186D6CB01A36A14BA160D0EE71C07DCC2D594ADC316","5811"
"docs\release-evidence-v0.13.0.md","9D516CBB6112B09DA2F1861A46168749AD0680F156D0B6FE3D0D8AB7252493C6","3021"
"docs\threat-model.md","82A61123240F9ABBC5DAE0323294145DFE957279E2F04F4E6CB813638D2C6A55","708"
"docs\zenodo-deposit-v0.13.0.md","F163B091C8822F95E5ECF1A9312CCD0253BE4D820A2424AB345AF6EF0CF67226","2933"
"firmware\Acquisition\Inc\guardian_acquisition.h","941623BB9336DA97B4AAC49338E3A04948FDC4D3869EFBE17FA9731B0BF71C9D","8321"
"firmware\Acquisition\Src\guardian_acquisition.c","5E6AE6F6C83319578D059F2938CADBD99190EE0368F7D02490D4E49056E9852C","24404"
"firmware\App\Inc\guardian_device_service.h","AAE83C393095BF889E472D81580E04D28CF323765251B0092776FFB42DC71AED","3126"
"firmware\App\Inc\guardian_firmware_app.h","A4B6A4A825F0C9230425C228EF641B405AB94D4936B723665DF93D17CA4AD7E7","3987"
"firmware\App\Src\guardian_device_service.c","83897B5394F222D115F197886C9423514649C7BA704DA7680B600EE17C17C667","10218"
"firmware\App\Src\guardian_firmware_app.c","7785B78DA93466896A79E826CB905FE62C4E2C1734DB5635EC3066BDB1250B72","14554"
"firmware\Control\Inc\guardian_control.h","47B832BE79AC5954591C487B70289315342E0F25388E4E89BFB6CE3C7873ADF2","7353"
"firmware\Control\Src\guardian_control.c","D1E7EF97D1DF77415996FD53D393BC593CB07EA2CF37B3820A7818B6A56E3768","37858"
"firmware\Core\Inc\.gitkeep","E3B0C44298FC1C149AFBF4C8996FB92427AE41E4649B934CA495991B7852B855","0"
"firmware\Core\Src\.gitkeep","E3B0C44298FC1C149AFBF4C8996FB92427AE41E4649B934CA495991B7852B855","0"
"firmware\Diagnostics\.gitkeep","E3B0C44298FC1C149AFBF4C8996FB92427AE41E4649B934CA495991B7852B855","0"
"firmware\DSP\Inc\guardian_dsp.h","2A5BAF2E80A5E667A3251B4E175C522499416C3DFCDFEA632413A6DEFD94697D","4042"
"firmware\DSP\Src\guardian_dsp.c","469AFE16CF3C9187F3A9EBF34D211AE7F5D6B9EA8B5421244229F66DB604712B","29391"
"firmware\Firmware\Inc\guardian_firmware_lifecycle.h","AAF55EBC05F4F186508EB7AC03396B5960DE698736BDD2A32BFE5C21503F99EE","13929"
"firmware\Firmware\README.md","BC296FB641D346016460DE5F2D79A9FF0AC4DDFD1732759004078014972F41DC","684"
"firmware\Firmware\Src\guardian_firmware_lifecycle.c","6C74E68CBAEC3846BF28B8D0A7FF217191D8A2251FAAEC595034CED6068222F7","35702"
"firmware\Health\Inc\guardian_health.h","2D13199F8F120734394821566F50E9D3F198294E11D5A836C69D761C2277CB48","7657"
"firmware\Health\Src\guardian_health.c","FE2D1FD23FDE473793A150DCA72869A9A751D9DFF6DE5F1CD60658B6454252CC","37106"
"firmware\MDK-ARM\.gitkeep","E3B0C44298FC1C149AFBF4C8996FB92427AE41E4649B934CA495991B7852B855","0"
"firmware\MDK-ARM\GuardianF401\.gitignore","F4333DC25BB106A83C637D03F6830C0161C99BA5546F2A583199F5BBA9B0EB98","229"
"firmware\MDK-ARM\GuardianF401\GuardianF401.ioc","66CF77BA34951927D17BD31FE0A8B16B78FD62A4315F39299DFA5A535FD74360","3707"
"firmware\MDK-ARM\GuardianF401\README.md","7FC072BF5491C36DDFABD0C9C5FF0851B5FAF09D626DF6899BA9B84FB951ABA1","1526"
"firmware\MDK-ARM\guardian-f401-keil-checklist.md","F908C509FE6ED719CD1E6E14F515BB73EBF762AE2283989A6B6D6CD007A0AAAB","1478"
"firmware\MDK-ARM\guardian-f401-keil-includes.txt","0F751B6B03AD46A0D572ABE77B59F586DDEEAE17A482190191330E8A440876BF","243"
"firmware\MDK-ARM\guardian-f401-keil-sources.txt","F19D466598D78ABE98603574CF4F0CAF1DD713A0D648F96DC9BD9B6E63E23FAE","1405"
"firmware\MDK-ARM\Templates\main_guardian.c","C404A0F7B5B254ACB735E9AC1528CF91E2957A030CD8B24F562114074BB41FFC","2464"
"firmware\Platform\Inc\guardian_embedded_link.h","5DED33B2C7C4CA6827BC4E31D59EE5ACB878050DF7CB6A43FF45517881564256","8000"
"firmware\Platform\Src\guardian_embedded_link.c","38A15EB772F2DD359CED555DD943775B783B40D0FBE7064873A771FC04DD5BE8","50853"
"firmware\Platform\STM32F401\Inc\guardian_stm32f401_preflight.h","AF0AAAFF03EB065690AE31D07A2EFBD16C5738B97D20E343F790895D1B5F6AD9","2989"
"firmware\Platform\STM32F401\Inc\guardian_stm32f401_target.h","85D5D161CC03F274D89D76D2E13984F9EF441578D6ECB480FCCEF4973FA57923","2838"
"firmware\Platform\STM32F401\Inc\stm32f401_acquisition.h","B4250E75838FAAEEE70043289FF27F53AB756F899DE47A66FC9443A9D5BC22B4","3759"
"firmware\Platform\STM32F401\Inc\stm32f401_uart2.h","47411E5FFD5B5B4EF24EF1B3963595E6C3A5D82B7533924B997FF3F831192AAE","2283"
"firmware\Platform\STM32F401\Src\guardian_stm32f401_preflight.c","E40650E1C422B275920BDE99CCFDE97E3CFE2B30A9663CDA726767560459CABF","8279"
"firmware\Platform\STM32F401\Src\stm32f401_acquisition.c","6AB5E4E15118D2C242AAB56C8CD024ADC94869CD7E773A25C8A57844FE38431E","54760"
"firmware\Platform\STM32F401\Src\stm32f401_acquisition_irq.c","C7D3B9B621F4614562E6C27A6957038B5348CDC68152A34112087285A1E7807A","852"
"firmware\Platform\STM32F401\Src\stm32f401_uart2.c","74058108BB6E655EF57A58AFBB5B2A13BAE0ECE5F95BAB9DFECBEBE3DC5FC74A","16121"
"firmware\Platform\STM32F401\Src\stm32f401_uart2_irq.c","F7FDB287043485E6B462C682167DD815556576CDDBEABBA75BA64CA3EAE5318C","334"
"firmware\Protocol\Inc\guardian_parser.h","4F39E35A4E85CFF2A448F2C6E607082562278F484A34C6FC5920EA40C38B81BF","2725"
"firmware\Protocol\Inc\guardian_protocol.h","FE4E8142FA705F198DD947FC93433D5DA712CEA97808E6066F13151C8878D8E2","8516"
"firmware\Protocol\Src\guardian_parser.c","73BE59ED21EE4AF56AA9AFDF5FA3948E7F96D113DCA732A2F9BF29BA0E6275B0","10105"
"firmware\Protocol\Src\guardian_protocol.c","7A7F409738FA4E69E457FF2C448B3BC96510596CF2567614384810101B36362A","15106"
"firmware\README.md","358AC2733B75CB2A4A69C121AB4B23AC9640C111269E922AE94D643A169C9C04","1020"
"firmware\Security\Inc\guardian_crypto.h","48CD82445EDF640866E91D24644A4A0F3E7BFB3616A24529844EA12165445D0E","992"
"firmware\Security\Inc\guardian_security.h","86B832348D50BF3DA988DC7F0926928A45B698E5D07882676ACE44A04D4F121F","10361"
"firmware\Security\Src\guardian_crypto.c","6F0A7DC6498732D885095255960F5D59ABFF828B5C8E97CE576748AC1A1EBD79","18300"
"firmware\Security\Src\guardian_security.c","9EF04604B9BF1DC5F1BE1A9FC0EE916EB0A7957DEBAC53E21D926878D03B98F1","49363"
"firmware\Telemetry\Inc\guardian_telemetry.h","1BC2865ACD5EBEC31D471673672AF462225CD6AC40686E1B8C6ED1CB12756B94","2950"
"firmware\Telemetry\Src\guardian_telemetry.c","680781BFB7AE4D59471D0FA4DA6C1C9577363FE1D4E533353F0B7E44160FABFC","12663"
"firmware\Tests\acquisition_host_test.c","7A924F634B3B4155A5714D2291C5AFF65D6D5E63BFA265BF808EEA5E8373FA9C","16431"
"firmware\Tests\CMSISStub\stm32f4xx.h","A39AA7A9CC2D2E5A888645D7414B09D980F3542225B238A279B54553D2E32B67","11010"
"firmware\Tests\control_host_test.c","90524C8FC822EDAB1203049E343865798F9028B026EDF0847A36438B250C52F1","19202"
"firmware\Tests\control_link_host_test.c","27BB57658BE72E536133158D5E992BF9AAB5C562AE48379B1FC55ED2343AEE24","13323"
"firmware\Tests\dsp_host_test.c","C231DE38084BEFB8D509A40AFA2402950062C156D01B83C39AB725D2936A2BD4","9756"
"firmware\Tests\embedded_link_host_test.c","7A7FCC5DEB93959145B5BD082D5A4DFC963CF0B963C972DE0AE4610498767E47","10225"
"firmware\Tests\firmware_lifecycle_host_test.c","DA7A7DE458DB628DA66DD44EBF6A0E8BA920ACF0B6D34BC212AACDEF28117EDE","20033"
"firmware\Tests\health_host_test.c","65ADBD28ADABC785F5FE86D2C00ABC1C204D923F275492BD5488CC2CBE969CE8","13212"
"firmware\Tests\protocol_host_test.c","1F0BECE5EA2ABE7DBE8A6CC4F43B05D25E2A17B4DB73833CDF1628A73F10AF7E","7841"
"firmware\Tests\security_host_test.c","DC6ADBBF84A950F7A9A7AB6A0496D433C3FABA1059799246C0ADE882A2102903","19155"
"firmware\Tests\security_link_host_test.c","6768ADF64A530B42DEA74EE4A5F78E0C130CA8A86799448D9C48A085D4AF96F0","19467"
"firmware\Tests\telemetry_host_test.c","15CB15AF66062E4D551618501863315C002141CBE16C1FE03C97FD7D433BC178","13849"
"fuzz\c\parser_libfuzzer.c","E3168CCD0F61D34913E73670D656F82BAF6DFE22176C993E4AB4BF41FE7DE3EF","1694"
"fuzz\c\parser_mutation_driver.c","270A7F3978855AD278D8B3635C1D2360F168090424310BA2D6B25DEFCB5D042C","13103"
"fuzz\c\security_libfuzzer.c","DCDB433D54399967956EAAF9AD551DBF084955AB026CC9408EC5E9C01F57CE28","4208"
"fuzz\c\security_mutation_driver.c","ECB0B6AD963EE356F77DCB4EACF8DCF0B01EC2533B7A8466BE664233FDB90750","18721"
"fuzz\corpus\parser\noise-magic.bin","F1FE5C84436F09262F1C6890E8F7F5984CE4F3CB113F50BF334BE7418991355D","10"
"fuzz\corpus\parser\oversize-header.bin","B25B32FB824BDD8C37CC29A59078FF476D324E8DFC1F0A67397AE2B7FB653D03","12"
"fuzz\corpus\parser\ping.bin","3AB9CB558692E9F65F4E654BC85BCEE0DD7399A7027FFC0BD7F3DABA3A4042E3","16"
"fuzz\corpus\parser\status.bin","C1AD80B607C900D24A74449CB0BCF5E1513EEE4D693865BC6319B74E220F63A1","16"
"fuzz\corpus\security\malformed-prefix.bin","FE84F1175178F76FE475F0E9309BAC426C2CBE57AE0BE061CF9C91BB0A46BED2","17"
"fuzz\corpus\security\truncated-secure.bin","6884DA28F137BB1A522473D5DB025DAABC4FA8EEC066F933479813D442169097","15"
"fuzz\corpus\security\valid-baseline-secure.bin","5CC5C284C3C4949D68E5A26355E766169FBFC2352F44B3D83070D9B31768802B","36"
"fuzz\python\guardian_robustness\__init__.py","0CC82B28E4DB50564732996A541696A2965F88DF0D1435F033E3DA3F26A80455","716"
"fuzz\python\guardian_robustness\campaign.py","4C142B347D4599D74326BC189AFDCF565C435FD588584E222E6297C1E132CCBF","22345"
"fuzz\python\guardian_robustness\mutations.py","CBAB5BE5354E06D2070907263B580D8F38B44D3D3BF0601D3B59DB3AEDEB03E9","12475"
"fuzz\python\tests\test_campaign.py","47F1BD29ACE36FCDA505BDEFEA591879D0EE2B451DFDE544D243016D227E8523","2349"
"fuzz\python\tests\test_mutations.py","E23282BC40A1C799057CA629338907E5E4A8BC6A0E2D17A19E3FE6054831C12B","2548"
"fuzz\README.md","F902D1FD9326DE26BD0D4E342E67BB456218D71DB4B15C9C3D4BB4AD58923736","1997"
"LICENSE","795AA3C71E95A5E94D197FCB4461A405B252C2F59A6FA64CB6625BFD09502752","2721"
"NOTICE","FFA65B4AF734A47AB4BDCFF07CAE2DBADF400A8E76D2BE762D4ACE4EA98E4F25","1133"
"protocol\commands.md","1177410E6105AB2F5407668A279D225337761169CC8F02F90EF9E8D357B9A7AC","13351"
"protocol\python\guardian_protocol\__init__.py","B7907464EF1590607828C38D86540E33750BB95CAA13076E41A4C23370FEBCD9","7183"
"protocol\python\guardian_protocol\constants.py","D289C295AB29F77DCDC443A71C7282ACE079DA0F86770C81CA1DEC4669D1D129","661"
"protocol\python\guardian_protocol\control.py","D2B4E5788A040041536A10BF7EE64D8563CB34736D59045CD83647F6A6C5841A","15107"
"protocol\python\guardian_protocol\crc.py","ACAF334D345F4ADF4F3DCA11B1EA50C23F5873E4D62B09DFCAB58DD964BFDD26","1310"
"protocol\python\guardian_protocol\dsp.py","4F61A7441378BF502A7EFF5B5D19FF72A2EDAFBAB8E68486ABB3A3613F74BE6F","6975"
"protocol\python\guardian_protocol\enums.py","84507534BD2ECE218025162C646A312B9FD88F1F68EF89EB9D193F32363B00B3","4762"
"protocol\python\guardian_protocol\firmware.py","C756DE97C2B3D9B0CC6C335CEF79569530716CE8D10C35223FA6552B4F07384A","28370"
"protocol\python\guardian_protocol\frame.py","7AF94F8E0892009BF90669BEF72D2EE2D5CAD807D77E9E2AE800795EFC79504D","8409"
"protocol\python\guardian_protocol\health.py","421725CC97B7C87492E1D7F2D73BF33F8B86224D37032FD3B01A40037CF9459C","12350"
"protocol\python\guardian_protocol\parser.py","F097FD55B500F8E30EADD33CD9D787F58498662C8877E2C92F3C80C683099701","6350"
"protocol\python\guardian_protocol\payloads.py","9B11EB8C050A1A08755C29DEE99A79EE63C53D754E33338124026941546779D2","10538"
"protocol\python\guardian_protocol\security.py","ABA988EAE89E5C76969D1D24D381A5F7AB783BF58E9E29D098D966F007DF6F05","31573"
"protocol\python\guardian_protocol\telemetry.py","B266FB2E67ACB906D59B8C35BCB1C31A0C13F03516709C7AA59765F8052F05F1","9122"
"protocol\python\tests\test_control.py","A4EF91AAA8F0EA74393F2E437A7B16AFA086C021D088D26F8918521C63507979","4014"
"protocol\python\tests\test_dsp.py","9733935F84A6ED23C1E627CCC502BEB95ACD40540AC94A91EA45C859983DDC87","2478"
"protocol\python\tests\test_firmware.py","02CA0EDB7D45CF46AF1B47F4AB3BD194D571407AEBC3B59765260EE284F0CF24","5828"
"protocol\python\tests\test_frame.py","8ABB333680653F1322E3B8B15FC0D526E0D3907B164DF86D8E319396878D5B55","5070"
"protocol\python\tests\test_health.py","42BA825E5311EC653D065B38CCE48E113EAD53D4FC26C29937F6C13F65A20E1F","4063"
"protocol\python\tests\test_parser.py","67D276F3C176DFBA1522766151556F5B3B619DD12AF7469CEDA49C40D563D670","5966"
"protocol\python\tests\test_payloads.py","25FE1013C6BCEBB0038E7E93820445646376C30C3439BB76AD54E37400AF2975","3496"
"protocol\python\tests\test_security.py","F45000FD15DB73E256E59EF960277C186BBB966EA2E25541E2FDE33D4615C4BE","6600"
"protocol\python\tests\test_telemetry.py","C9B1AEA973B2BBCA92A50EA1B3DD5E4C4931639AB95F20D66BDF7D5C3FB19917","3488"
"protocol\specification.md","4AB21C01F7E4EC37EEA35B2086D1F2B44CA01694E0676C69C0CCD30A4107889B","4115"
"README.md","4BA1CB7C62319DF54E7AB3810BB343B4CBBB015903F6D7240D345828C0AB46B2","4302"
"release-evidence\guardian-f401.hex","1F5157A6E176F8B3342C3D408C77787E109739CCB2433A5266FC3E2BB68520DB","100835"
"release-evidence\keil-build.log","0612CDF844E2AC98D8E6FBBBE3E357227335A10D6F5E24B84AAA8ACFBD3A706A","3306"
"release-evidence\prezenodo-preparation-report.json","CFD7FFF35C6AF65BA36736C2DE4137F1FB2F54D2334EF127AEB0719BA5DF7B44","1595"
"SECURITY.md","B01D3EAC10D76B67678A533525F0C4990C2B705DEC7D91545BAD84E2D169CBF7","1902"
"simulator\README.md","395D8C03E78B3E24F451498497B27F8B6A88EA3D3605CACB874EE4B09CD593F4","1070"
"simulator\src\guardian_sim\__init__.py","78909B788BAEFE56E901366E4557397CEA0A9E5168417FE73595CC749638DAAA","1072"
"simulator\src\guardian_sim\__main__.py","B90672EEDA7062EAD289C392384B2642E9A2CE7F25CFE09C886AA5AC0E78977D","2840"
"simulator\src\guardian_sim\config.py","DA726F61A32C0B2F81246B2263F61325523675EC6D738BF1EE7208A28F559DFC","5931"
"simulator\src\guardian_sim\control.py","238F30CC1B752904E28188AEBA4D6EB369E94517332C23E46DA19E292F6A4E2F","15254"
"simulator\src\guardian_sim\device.py","24A05EB51E88CC1CBB504566E20DC8E1FC5B5BCC8F009AAD0C574B6AF87FC44D","49318"
"simulator\src\guardian_sim\firmware.py","7DD5CF2014AECA38C69A463EF7A8A9F9C0B8B03591B610CDB2A35DBD33935E5E","13881"
"simulator\src\guardian_sim\health.py","49398292F91ACD0FBDA0B49FF58E2B7F3D14C787D86A26320F6481F0D0CE1A16","14819"
"simulator\src\guardian_sim\security.py","B9A4C249D55450844E0A654CAF02BF5B0538C4458C565773689BCFD6E4DE7A6B","17011"
"simulator\src\guardian_sim\server.py","B7350D5FA2F70302DC840989A506F1AB942E78CCBD509F4662EDD4FEF29E28CD","8080"
"simulator\tests\test_control.py","2F0CBC225B960910FD06C944FF58106A731E9338325BFAC43B78EE7A43303BCB","10344"
"simulator\tests\test_device.py","B46AE804DFEE1F0DC11584E86E58A843251C131E1102F9461FFC7621B3545845","6680"
"simulator\tests\test_firmware.py","3278FB5D6A8151A393036DD0ED2C3075CC14D20045E4989A6820FA0210C8D1CE","8776"
"simulator\tests\test_health.py","29D3B21F46083AF6257AD7191C669BCDCC0EA61CC3779A334365DEAC348837D4","4812"
"simulator\tests\test_security.py","650AD61FEF06C909D1D0DCF4C7D097B546EB954AE6CB36258EF8C9E50B6A7EBD","10185"
"simulator\tests\test_server.py","D17DEFBA0FD778E5634BF83F69E40F533A7A6735365898D42D84B7A560297EEE","6557"
"simulator\tests\test_telemetry.py","B95F029504E1675AA2E3FC0CDF548BAF80A114DF1487317C8E46D32CD6393B3A","3957"
"tests\integration\.gitkeep","E3B0C44298FC1C149AFBF4C8996FB92427AE41E4649B934CA495991B7852B855","0"
"THIRD_PARTY_NOTICES.md","7CFD3471DD919E236CCA03288D5BC695CFC1BAF9C07210AAE7BA8357BD59086A","2040"
"tools\build_firmware_package.py","BD8C1A1C2897BBF11F44E4A4FF7B74183CE67471E1FF02CA92E6CB93121D9746","14465"
"tools\guardianctl.py","EDE8E3BC62F58B652652EE833BE16561BF099CF16A3F88D073989EE7F38A228A","1155"
"tools\hardware_validation.py","BD7D7A657974E3A9409BC5D77CB5A1B11E7C36602AB501409F545C8C13A4EF05","5695"
"tools\run_robustness.py","5E21708C941A2E5697F824E33B14EB1B7AD227FCF15EC29571E92BE1CDC247CF","4106"
"tools\run_simulator.py","71FF84DF8B966442B3A338E859B31639CDC62C21B44F01728E6D153C0E3AF72A","1175"
"tools\validate_keil_manifest.py","9B41130A742022E9BA4A2E6533DEB884BEA90A1BFD763B7A3C519E0724E48C20","10488"
"VERSION","181FB5A5F5F8B7E93E53D3E53E73106401E58AF55F52C7BCD9D8CED7657B464F","8"
